compra_id,cliente_id,fecha_compra,producto,provincia,canal_venta,edad_cliente,importe,descuento_aplicado_pct,satisfaccion
CMP00172,CLI2172,2024-09-11,VIDA,A Coruna,agente,21.0,269.53,0,3.0
CMP00461,CLI2461,2024-09-23,SALUD,Alicante,telefono,31.0,983.59,10,4.0
CMP00368,CLI2368,2023-03-10,AUTO,Madrid,online,,371.49,0,5.0
CMP00639,CLI2639,2023-02-23,AUTO,Vizcaya,correduria,47.0,561.36,10,1.0
CMP00402,CLI2402,2024-03-19,AUTO,Zaragoza,telefono,54.0,526.34,10,5.0
CMP00006,CLI2006,2023-07-19,AUTO,Baleares,online,30.0,413.83,20,2.0
CMP00582,CLI2582,2023-10-09,HOGAR,A Coruna,agente,70.0,254.1,0,5.0
CMP00640,CLI2640,2024-10-10,AUTO,Vizcaya,correduria,76.0,421.9,0,4.0
CMP00222,CLI2222,2023-08-22,AUTO,Alicante,telefono,40.0,425.76,0,4.0
CMP00778,CLI2128,2023-01-26,AUTO,Lleida,telefono,22.0,334.5,10,4.0
CMP00103,CLI2103,2023-04-15,SALUD,Baleares,online,51.0,677.54,10,2.0
CMP00372,CLI2372,2023-07-30,AUTO,Barcelona,telefono,25.0,466.7,20,4.0
CMP00358,CLI2358,2023-09-08,SALUD,Baleares,online,56.0,776.05,0,3.0
CMP00568,CLI2568,2024-09-19,AUTO,Zaragoza,online,79.0,234.99,5,1.0
CMP00714,CLI2064,2023-12-05,HOGAR,Cantabria,telefono,22.0,179.08,20,2.0
CMP00430,CLI2430,2024-08-20,HOGAR,Cantabria,online,74.0,224.22,0,3.0
CMP00203,CLI2203,2023-07-10,HOGAR,Girona,agente,40.0,210.77,0,1.0
CMP00643,CLI2643,2023-11-17,SALUD,Alicante,online,31.0,688.1,0,1.0
CMP00159,CLI2159,2023-02-20,AUTO,Valencia,correduria,39.0,425.52,0,1.0
CMP00329,CLI2329,2024-10-22,HOGAR,Tarragona,online,49.0,264.43,5,4.0
CMP00420,CLI2420,2024-02-22,HOGAR,Valencia,agente,27.0,266.54,10,1.0
CMP00114,CLI2114,2023-02-10,SALUD,Tarragona,online,34.0,702.44,5,4.0
CMP00052,CLI2052,2024-09-04,AUTO,A Coruna,telefono,60.0,356.01,10,1.0
CMP00220,CLI2220,2024-05-10,AUTO,Barcelona,telefono,48.0,458.71,15,3.0
CMP00776,CLI2126,2024-04-30,AUTO,Malaga,correduria,28.0,425.66,0,
CMP00074,CLI2074,2024-05-13,VIDA,Asturias,correduria,21.0,169.63,20,4.0
CMP00349,CLI2349,2023-03-12,AUTO,Valencia,telefono,36.0,521.28,15,3.0
CMP00759,CLI2109,2023-09-15,AUTO,Vizcaya,correduria,22.0,327.35,0,4.0
CMP00192,CLI2192,2023-10-18,AUTO,Valencia,telefono,32.0,577.6,20,2.0
CMP00253,CLI2253,2023-10-09,HOGAR,Baleares,correduria,18.0,225.88,0,1.0
CMP00549,CLI2549,2024-07-14,HOGAR,Malaga,online,49.0,273.57,0,2.0
CMP00331,CLI2331,2023-07-26,AUTO,A Coruna,telefono,77.0,729.31,15,2.0
CMP00415,CLI2415,2023-05-09,SALUD,Girona,agente,51.0,640.41,0,
CMP00682,CLI2032,2023-12-29,VIDA,Madrid,telefono,33.0,306.75,0,
CMP00121,CLI2121,2024-05-02,AUTO,Cantabria,agente,70.0,560.63,0,3.0
CMP00449,CLI2449,2024-08-09,AUTO,Tarragona,telefono,56.0,342.43,0,3.0
CMP00384,CLI2384,2024-03-27,AUTO,Asturias,correduria,29.0,564.52,5,2.0
CMP00428,CLI2428,2023-09-28,VIDA,A Coruna,telefono,33.0,384.78,0,2.0
CMP00745,CLI2095,2024-01-12,VIDA,Barcelona,telefono,42.0,239.25,0,2.0
CMP00151,CLI2151,2024-04-09,VIDA,Sevilla,online,51.0,213.38,5,2.0
CMP00260,CLI2260,2023-03-14,HOGAR,Sevilla,correduria,35.0,278.63,15,3.0
CMP00424,CLI2424,2023-04-26,SALUD,Vizcaya,telefono,50.0,921.46,20,5.0
CMP00452,CLI2452,2023-12-05,AUTO,Sevilla,agente,50.0,386.56,5,5.0
CMP00162,CLI2162,2024-11-27,HOGAR,A Coruna,online,75.0,367.41,10,4.0
CMP00472,CLI2472,2023-06-22,SALUD,Malaga,telefono,69.0,958.19,0,5.0
CMP00206,CLI2206,2023-08-23,AUTO,Malaga,correduria,31.0,540.99,5,2.0
CMP00057,CLI2057,2023-03-02,AUTO,Zaragoza,correduria,50.0,322.18,10,3.0
CMP00327,CLI2327,2023-08-06,VIDA,Baleares,online,26.0,416.45,10,3.0
CMP00490,CLI2490,2023-04-08,AUTO,A Coruna,online,40.0,241.09,0,4.0
CMP00018,CLI2018,2023-04-12,HOGAR,Baleares,telefono,23.0,232.28,5,5.0
CMP00300,CLI2300,2023-04-19,AUTO,A Coruna,online,24.0,468.88,0,4.0
CMP00379,CLI2379,2023-02-01,AUTO,Baleares,correduria,35.0,442.08,0,3.0
CMP00510,CLI2510,2023-03-14,HOGAR,Tarragona,online,46.0,293.18,0,3.0
CMP00607,CLI2607,2024-07-17,VIDA,Cantabria,telefono,,292.59,5,
CMP00524,CLI2524,2023-02-03,AUTO,Barcelona,agente,23.0,391.67,10,3.0
CMP00783,CLI2133,2023-05-18,AUTO,Zaragoza,agente,61.0,482.78,10,1.0
CMP00789,CLI2139,2023-11-20,AUTO,Lleida,online,60.0,387.48,5,2.0
CMP00141,CLI2141,2023-06-27,SALUD,Barcelona,agente,24.0,500.8,0,5.0
CMP00108,CLI2108,2023-02-05,AUTO,Valencia,agente,35.0,327.79,0,3.0
CMP00039,CLI2039,2024-09-22,AUTO,Madrid,agente,43.0,454.71,5,5.0
CMP00362,CLI2362,2024-11-17,AUTO,Madrid,agente,70.0,511.7,5,2.0
CMP00498,CLI2498,2024-02-28,AUTO,Valencia,agente,61.0,402.58,0,4.0
CMP00051,CLI2051,2024-08-25,SALUD,Vizcaya,correduria,44.0,685.72,0,2.0
CMP00118,CLI2118,2023-07-17,AUTO,Barcelona,telefono,43.0,411.14,5,1.0
CMP00569,CLI2569,2024-07-23,SALUD,Asturias,correduria,66.0,839.02,5,1.0
CMP00247,CLI2247,2023-09-12,AUTO,Lleida,telefono,50.0,357.01,5,
CMP00523,CLI2523,2024-09-02,HOGAR,Girona,telefono,,323.24,5,3.0
CMP00490,CLI2490,2023-04-08,AUTO,A Coruna,online,40.0,241.09,0,4.0
CMP00771,CLI2121,2023-01-07,HOGAR,Girona,telefono,76.0,186.56,15,2.0
CMP00681,CLI2031,2024-09-27,HOGAR,Vizcaya,online,52.0,322.24,15,4.0
CMP00030,CLI2030,2024-10-05,HOGAR,Zaragoza,telefono,66.0,301.79,0,2.0
CMP00283,CLI2283,2024-09-20,AUTO,Baleares,online,21.0,375.64,5,5.0
CMP00056,CLI2056,2024-11-28,AUTO,Sevilla,correduria,40.0,504.52,0,3.0
CMP00243,CLI2243,2024-02-27,HOGAR,Baleares,correduria,26.0,321.0,15,2.0
CMP00595,CLI2595,2023-08-01,AUTO,Girona,online,34.0,437.16,0,5.0
CMP00733,CLI2083,2024-10-10,HOGAR,Valencia,telefono,44.0,261.12,5,4.0
CMP00484,CLI2484,2024-08-08,AUTO,Malaga,agente,36.0,343.75,5,1.0
CMP00657,CLI2007,2023-02-09,SALUD,Girona,telefono,34.0,1073.15,15,5.0
CMP00002,CLI2002,2023-12-31,AUTO,A Coruna,agente,31.0,565.47,0,5.0
CMP00386,CLI2386,2023-05-19,AUTO,Cantabria,correduria,62.0,466.52,20,1.0
CMP00788,CLI2138,2023-02-10,HOGAR,Valencia,correduria,35.0,342.45,10,
CMP00101,CLI2101,2024-01-21,HOGAR,Girona,agente,39.0,288.09,0,1.0
CMP00174,CLI2174,2024-09-23,AUTO,Girona,agente,31.0,472.5,15,5.0
CMP00567,CLI2567,2023-07-01,AUTO,Lleida,telefono,44.0,548.83,15,2.0
CMP00722,CLI2072,2024-08-02,VIDA,Valencia,telefono,78.0,438.21,5,3.0
CMP00405,CLI2405,2023-10-17,AUTO,A Coruna,online,52.0,434.3,10,1.0
CMP00197,CLI2197,2023-11-03,HOGAR,Asturias,correduria,49.0,341.25,0,2.0
CMP00631,CLI2631,2023-03-31,AUTO,Tarragona,agente,20.0,331.93,5,1.0
CMP00134,CLI2134,2024-02-15,AUTO,Asturias,agente,23.0,359.37,5,5.0
CMP00285,CLI2285,2024-08-29,AUTO,Sevilla,agente,64.0,338.4,5,1.0
CMP00071,CLI2071,2024-07-30,AUTO,Cantabria,online,18.0,377.89,0,4.0
CMP00230,CLI2230,2023-01-01,SALUD,Valencia,agente,24.0,1060.18,0,3.0
CMP00199,CLI2199,2024-01-06,HOGAR,Tarragona,online,20.0,259.24,15,1.0
CMP00726,CLI2076,2023-02-05,AUTO,Tarragona,correduria,33.0,403.31,5,1.0
CMP00592,CLI2592,2024-06-16,AUTO,Madrid,agente,43.0,413.66,15,5.0
CMP00504,CLI2504,2023-03-25,VIDA,Baleares,correduria,39.0,316.69,20,2.0
CMP00691,CLI2041,2024-08-03,AUTO,Sevilla,telefono,22.0,459.67,0,2.0
CMP00123,CLI2123,2024-02-03,AUTO,Zaragoza,correduria,27.0,359.2,0,5.0
CMP00016,CLI2016,2023-02-14,HOGAR,Lleida,telefono,31.0,304.77,0,5.0
CMP00076,CLI2076,2023-04-20,AUTO,Valencia,online,38.0,319.91,15,5.0
CMP00194,CLI2194,2024-05-05,AUTO,Girona,online,66.0,404.01,5,4.0
CMP00772,CLI2122,2023-06-07,AUTO,Barcelona,agente,67.0,273.18,0,5.0
CMP00146,CLI2146,2024-03-11,AUTO,Cantabria,online,60.0,547.37,0,
CMP00083,CLI2083,2024-07-10,VIDA,Vizcaya,telefono,67.0,284.54,10,3.0
CMP00744,CLI2094,2024-10-04,AUTO,Barcelona,agente,,256.43,15,5.0
CMP00281,CLI2281,2023-06-25,AUTO,Malaga,correduria,57.0,471.21,5,2.0
CMP00147,CLI2147,2024-02-05,HOGAR,A Coruna,agente,69.0,214.9,5,4.0
CMP00474,CLI2474,2023-04-16,AUTO,Baleares,telefono,21.0,530.75,0,2.0
CMP00540,CLI2540,2024-01-27,HOGAR,Valencia,telefono,75.0,303.19,5,1.0
CMP00736,CLI2086,2024-08-30,HOGAR,Valencia,telefono,37.0,205.74,20,5.0
CMP00251,CLI2251,2024-04-19,VIDA,Asturias,agente,50.0,285.37,15,3.0
CMP00553,CLI2553,2024-05-18,HOGAR,A Coruna,correduria,69.0,266.59,0,3.0
CMP00279,CLI2279,2023-04-25,HOGAR,Vizcaya,online,43.0,320.36,5,3.0
CMP00734,CLI2084,2023-01-04,AUTO,Zaragoza,correduria,54.0,462.71,5,5.0
CMP00325,CLI2325,2023-01-14,VIDA,Barcelona,agente,66.0,233.17,5,3.0
CMP00621,CLI2621,2023-03-01,AUTO,Madrid,agente,42.0,337.55,0,4.0
CMP00445,CLI2445,2024-01-27,HOGAR,Tarragona,correduria,56.0,285.54,0,4.0
CMP00558,CLI2558,2024-06-10,AUTO,Lleida,online,76.0,381.77,10,3.0
CMP00113,CLI2113,2023-10-03,SALUD,Tarragona,correduria,19.0,842.0,10,1.0
CMP00629,CLI2629,2023-09-20,HOGAR,Baleares,agente,27.0,241.41,10,4.0
CMP00457,CLI2457,2023-09-02,AUTO,Cantabria,telefono,24.0,614.43,0,2.0
CMP00218,CLI2218,2024-07-20,HOGAR,Alicante,online,50.0,330.7,10,2.0
CMP00268,CLI2268,2024-02-09,AUTO,Asturias,agente,29.0,342.71,10,3.0
CMP00614,CLI2614,2023-12-15,HOGAR,Malaga,telefono,72.0,273.97,10,1.0
CMP00492,CLI2492,2024-05-03,AUTO,Barcelona,correduria,74.0,587.7,5,4.0
CMP00645,CLI2645,2023-10-31,AUTO,Alicante,online,52.0,566.98,5,2.0
CMP00187,CLI2187,2024-07-27,AUTO,Malaga,correduria,64.0,484.25,0,3.0
CMP00410,CLI2410,2023-07-17,AUTO,Asturias,online,20.0,508.33,5,3.0
CMP00023,CLI2023,2023-06-21,AUTO,Zaragoza,online,25.0,483.87,0,4.0
CMP00423,CLI2423,2024-05-05,HOGAR,Vizcaya,telefono,20.0,250.47,10,2.0
CMP00677,CLI2027,2024-01-28,AUTO,Alicante,agente,78.0,431.82,5,1.0
CMP00533,CLI2533,2023-06-17,AUTO,Tarragona,online,79.0,579.18,5,4.0
CMP00404,CLI2404,2023-06-06,AUTO,Baleares,telefono,62.0,457.8,0,3.0
CMP00675,CLI2025,2023-12-13,AUTO,Lleida,telefono,70.0,408.94,0,3.0
CMP00653,CLI2003,2024-02-17,HOGAR,Malaga,online,42.0,326.78,5,2.0
CMP00184,CLI2184,2024-01-11,AUTO,Cantabria,telefono,25.0,504.47,0,3.0
CMP00179,CLI2179,2024-08-01,AUTO,Barcelona,online,52.0,503.75,5,
CMP00411,CLI2411,2024-08-25,AUTO,Barcelona,telefono,76.0,359.03,0,5.0
CMP00368,CLI2368,2023-03-10,AUTO,Madrid,online,,371.49,0,5.0
CMP00712,CLI2062,2023-06-01,VIDA,Sevilla,online,38.0,261.96,0,
CMP00701,CLI2051,2023-12-24,VIDA,Asturias,telefono,25.0,302.2,10,4.0
CMP00315,CLI2315,2023-07-28,AUTO,Asturias,telefono,48.0,533.54,20,1.0
CMP00741,CLI2091,2024-10-04,HOGAR,Cantabria,online,57.0,263.35,0,4.0
CMP00354,CLI2354,2023-04-18,HOGAR,Baleares,telefono,54.0,227.57,10,2.0
CMP00427,CLI2427,2023-10-06,AUTO,Baleares,telefono,70.0,409.38,0,2.0
CMP00237,CLI2237,2024-05-20,VIDA,Barcelona,agente,74.0,382.92,10,1.0
CMP00029,CLI2029,2024-01-20,AUTO,Barcelona,online,27.0,398.02,0,1.0
CMP00737,CLI2087,2023-01-18,AUTO,Baleares,telefono,33.0,400.77,10,2.0
CMP00173,CLI2173,2023-04-11,HOGAR,Malaga,correduria,60.0,267.4,10,2.0
CMP00587,CLI2587,2023-04-20,HOGAR,Girona,correduria,63.0,286.83,0,3.0
CMP00143,CLI2143,2024-09-09,HOGAR,Zaragoza,online,46.0,176.1,5,3.0
CMP00696,CLI2046,2023-09-28,AUTO,Alicante,telefono,23.0,408.76,10,5.0
CMP00211,CLI2211,2023-05-24,VIDA,Lleida,telefono,28.0,306.53,10,
CMP00763,CLI2113,2024-02-04,HOGAR,Cantabria,correduria,53.0,230.84,5,1.0
CMP00709,CLI2059,2023-12-03,AUTO,Girona,agente,40.0,412.72,0,5.0
CMP00367,CLI2367,2023-05-18,VIDA,Barcelona,correduria,48.0,324.48,15,3.0
CMP00585,CLI2585,2024-06-07,AUTO,Alicante,correduria,49.0,521.83,10,2.0
CMP00517,CLI2517,2023-09-06,HOGAR,Girona,online,69.0,272.17,5,1.0
CMP00525,CLI2525,2024-06-23,VIDA,Baleares,telefono,27.0,321.62,10,2.0
CMP00483,CLI2483,2023-08-25,AUTO,Malaga,correduria,56.0,585.45,5,1.0
CMP00014,CLI2014,2023-02-23,AUTO,Lleida,correduria,73.0,457.11,5,2.0
CMP00092,CLI2092,2024-05-02,SALUD,Baleares,telefono,18.0,742.26,10,2.0
CMP00556,CLI2556,2024-08-02,AUTO,Girona,online,,482.6,10,2.0
CMP00062,CLI2062,2023-05-14,AUTO,Zaragoza,online,52.0,350.69,0,1.0
CMP00535,CLI2535,2024-06-26,AUTO,Zaragoza,agente,19.0,436.52,5,3.0
CMP00622,CLI2622,2023-08-19,AUTO,Malaga,online,43.0,382.98,15,5.0
CMP00160,CLI2160,2024-04-02,HOGAR,A Coruna,correduria,39.0,179.02,15,1.0
CMP00695,CLI2045,2024-03-05,HOGAR,Sevilla,telefono,18.0,237.19,10,1.0
CMP00758,CLI2108,2024-10-13,AUTO,Lleida,online,27.0,517.5,5,
CMP00052,CLI2052,2024-09-04,AUTO,A Coruna,telefono,60.0,356.01,10,1.0
CMP00026,CLI2026,2023-10-24,VIDA,Vizcaya,correduria,25.0,240.46,15,4.0
CMP00008,CLI2008,2023-09-15,HOGAR,Malaga,agente,53.0,307.82,5,5.0
CMP00408,CLI2408,2024-08-28,HOGAR,Baleares,agente,64.0,337.06,10,5.0
CMP00737,CLI2087,2023-01-18,AUTO,Baleares,telefono,33.0,400.77,10,2.0
CMP00532,CLI2532,2024-03-04,AUTO,Zaragoza,agente,21.0,441.78,5,5.0
CMP00433,CLI2433,2023-12-29,AUTO,A Coruna,telefono,65.0,428.66,0,1.0
CMP00293,CLI2293,2023-10-30,AUTO,Baleares,correduria,22.0,330.73,5,4.0
CMP00348,CLI2348,2024-03-24,SALUD,Valencia,agente,32.0,718.58,0,2.0
CMP00165,CLI2165,2023-09-06,AUTO,Malaga,agente,24.0,465.57,5,4.0
CMP00751,CLI2101,2024-09-25,AUTO,Tarragona,online,51.0,509.16,5,5.0
CMP00167,CLI2167,2024-09-10,SALUD,Sevilla,correduria,20.0,421.71,0,5.0
CMP00148,CLI2148,2024-11-24,VIDA,Girona,correduria,69.0,278.51,20,2.0
CMP00246,CLI2246,2024-02-07,AUTO,Baleares,telefono,59.0,392.9,15,3.0
CMP00426,CLI2426,2024-10-08,AUTO,Valencia,telefono,74.0,392.29,10,5.0
CMP00212,CLI2212,2023-01-07,AUTO,Barcelona,correduria,21.0,427.23,0,3.0
CMP00448,CLI2448,2023-10-06,SALUD,Zaragoza,online,63.0,835.66,10,3.0
CMP00100,CLI2100,2024-09-01,AUTO,Vizcaya,agente,45.0,339.36,0,2.0
CMP00366,CLI2366,2024-10-31,SALUD,Madrid,online,75.0,1027.33,10,4.0
CMP00710,CLI2060,2023-06-10,VIDA,Baleares,agente,,442.27,15,5.0
CMP00321,CLI2321,2023-03-07,HOGAR,Valencia,correduria,76.0,276.67,0,2.0
CMP00633,CLI2633,2023-03-27,AUTO,Madrid,online,47.0,463.97,0,1.0
CMP00577,CLI2577,2023-09-12,HOGAR,Tarragona,telefono,58.0,292.09,0,3.0
CMP00672,CLI2022,2023-03-30,AUTO,Girona,correduria,,395.94,20,4.0
CMP00360,CLI2360,2024-02-17,AUTO,Asturias,telefono,49.0,442.0,10,4.0
CMP00233,CLI2233,2023-06-25,VIDA,Madrid,agente,73.0,376.22,5,4.0
CMP00694,CLI2044,2024-07-06,AUTO,Lleida,online,66.0,473.95,20,4.0
CMP00232,CLI2232,2024-06-23,HOGAR,Sevilla,online,25.0,251.05,10,4.0
CMP00496,CLI2496,2024-09-22,AUTO,A Coruna,telefono,21.0,398.91,10,4.0
CMP00044,CLI2044,2023-11-10,AUTO,Valencia,online,18.0,648.87,5,3.0
CMP00583,CLI2583,2024-04-09,AUTO,Lleida,correduria,77.0,468.39,0,4.0
CMP00090,CLI2090,2024-08-16,SALUD,Madrid,correduria,64.0,988.11,0,4.0
CMP00409,CLI2409,2023-09-06,SALUD,Cantabria,agente,36.0,639.13,5,3.0
CMP00322,CLI2322,2024-06-13,VIDA,Barcelona,telefono,22.0,270.64,10,5.0
CMP00263,CLI2263,2023-02-22,HOGAR,Vizcaya,telefono,65.0,162.41,15,1.0
CMP00124,CLI2124,2024-01-15,VIDA,Barcelona,agente,42.0,229.15,20,1.0
CMP00768,CLI2118,2024-09-24,HOGAR,Barcelona,correduria,36.0,274.43,20,4.0
CMP00573,CLI2573,2023-06-01,VIDA,Malaga,online,53.0,332.57,5,2.0
CMP00797,CLI2147,2023-03-19,HOGAR,Alicante,online,78.0,360.58,15,4.0
CMP00000,CLI2000,2024-08-03,VIDA,Alicante,online,23.0,205.42,0,5.0
CMP00641,CLI2641,2024-01-31,VIDA,Baleares,agente,61.0,191.08,0,3.0
CMP00258,CLI2258,2023-08-31,HOGAR,Girona,correduria,61.0,191.61,5,2.0
CMP00602,CLI2602,2024-05-26,HOGAR,Asturias,correduria,32.0,322.41,5,4.0
CMP00317,CLI2317,2024-09-08,SALUD,Zaragoza,telefono,25.0,853.38,10,
CMP00451,CLI2451,2023-11-12,AUTO,Tarragona,agente,69.0,455.07,0,2.0
CMP00144,CLI2144,2023-12-31,AUTO,Sevilla,agente,71.0,268.32,0,1.0
CMP00275,CLI2275,2023-04-22,AUTO,Lleida,correduria,42.0,328.26,10,5.0
CMP00005,CLI2005,2024-09-06,AUTO,Baleares,agente,30.0,452.76,5,2.0
CMP00730,CLI2080,2024-06-25,SALUD,Madrid,telefono,46.0,832.94,15,2.0
CMP00227,CLI2227,2023-05-04,HOGAR,A Coruna,online,44.0,232.22,0,
CMP00615,CLI2615,2024-06-12,AUTO,Barcelona,agente,47.0,489.34,10,1.0
CMP00697,CLI2047,2024-11-09,HOGAR,Lleida,online,30.0,229.29,10,2.0
CMP00674,CLI2024,2023-12-16,AUTO,Vizcaya,telefono,30.0,515.29,10,5.0
CMP00207,CLI2207,2024-07-04,AUTO,Baleares,online,36.0,389.12,0,4.0
CMP00303,CLI2303,2023-02-03,AUTO,Valencia,online,39.0,640.07,10,3.0
CMP00503,CLI2503,2024-07-23,VIDA,Tarragona,agente,55.0,253.86,5,5.0
CMP00162,CLI2162,2024-11-27,HOGAR,A Coruna,online,75.0,367.41,10,4.0
CMP00061,CLI2061,2024-02-12,SALUD,Madrid,correduria,78.0,698.42,0,1.0
CMP00495,CLI2495,2023-07-06,AUTO,Madrid,online,48.0,464.16,0,3.0
CMP00205,CLI2205,2024-09-07,HOGAR,Barcelona,correduria,73.0,186.61,10,
CMP00506,CLI2506,2024-02-02,AUTO,Asturias,online,73.0,422.85,5,5.0
CMP00501,CLI2501,2023-08-25,AUTO,Baleares,telefono,27.0,347.25,20,3.0
CMP00330,CLI2330,2024-04-29,HOGAR,Lleida,telefono,74.0,239.71,10,4.0
CMP00123,CLI2123,2024-02-03,AUTO,Zaragoza,correduria,27.0,359.2,0,5.0
CMP00443,CLI2443,2024-02-24,SALUD,Lleida,telefono,18.0,782.71,5,3.0
CMP00111,CLI2111,2024-05-31,AUTO,A Coruna,agente,19.0,445.46,0,3.0
CMP00336,CLI2336,2024-03-10,AUTO,Baleares,agente,75.0,473.4,0,2.0
CMP00439,CLI2439,2023-05-29,SALUD,Lleida,agente,,451.49,0,5.0
CMP00530,CLI2530,2024-09-29,AUTO,Malaga,correduria,59.0,341.63,10,3.0
CMP00692,CLI2042,2023-12-05,HOGAR,Alicante,agente,68.0,116.95,5,2.0
CMP00425,CLI2425,2023-11-17,AUTO,Lleida,telefono,68.0,416.13,5,1.0
CMP00683,CLI2033,2023-12-18,AUTO,Lleida,agente,79.0,379.19,0,1.0
CMP00375,CLI2375,2024-11-20,HOGAR,Asturias,telefono,58.0,150.23,5,5.0
CMP00164,CLI2164,2023-12-13,SALUD,Cantabria,agente,50.0,662.18,5,3.0
CMP00024,CLI2024,2024-04-30,VIDA,Girona,online,52.0,378.19,0,2.0
CMP00236,CLI2236,2023-10-31,AUTO,Sevilla,online,75.0,521.83,20,5.0
CMP00586,CLI2586,2024-01-24,AUTO,Malaga,correduria,63.0,437.03,0,3.0
CMP00590,CLI2590,2024-04-18,AUTO,A Coruna,telefono,51.0,274.51,0,2.0
CMP00610,CLI2610,2023-07-03,SALUD,Alicante,telefono,57.0,652.89,0,3.0
CMP00668,CLI2018,2024-07-03,HOGAR,A Coruna,online,29.0,205.05,5,3.0
CMP00060,CLI2060,2023-03-30,AUTO,Alicante,correduria,49.0,506.74,0,1.0
CMP00153,CLI2153,2024-09-21,HOGAR,Asturias,correduria,34.0,280.22,5,4.0
CMP00685,CLI2035,2023-09-22,AUTO,Barcelona,telefono,33.0,327.89,15,2.0
CMP00687,CLI2037,2023-11-10,AUTO,Baleares,agente,69.0,448.13,15,4.0
CMP00337,CLI2337,2024-02-10,AUTO,Cantabria,correduria,58.0,424.76,0,5.0
CMP00242,CLI2242,2023-09-07,AUTO,Tarragona,agente,39.0,322.54,5,4.0
CMP00617,CLI2617,2023-03-09,HOGAR,Zaragoza,online,27.0,308.84,20,2.0
CMP00616,CLI2616,2023-01-01,AUTO,Barcelona,online,74.0,392.93,5,4.0
CMP00284,CLI2284,2023-07-01,HOGAR,Alicante,telefono,58.0,327.51,0,3.0
CMP00711,CLI2061,2023-06-10,HOGAR,Alicante,correduria,21.0,78.62,5,3.0
CMP00381,CLI2381,2024-08-15,AUTO,A Coruna,correduria,43.0,484.68,0,4.0
CMP00596,CLI2596,2023-01-09,AUTO,Malaga,agente,54.0,604.77,10,1.0
CMP00338,CLI2338,2024-06-20,AUTO,Sevilla,telefono,67.0,471.57,5,3.0
CMP00309,CLI2309,2023-10-09,AUTO,Zaragoza,telefono,41.0,420.67,0,2.0
CMP00154,CLI2154,2024-08-08,AUTO,A Coruna,agente,36.0,488.41,20,4.0
CMP00654,CLI2004,2024-08-13,AUTO,A Coruna,online,,275.99,0,2.0
CMP00465,CLI2465,2024-02-22,HOGAR,Valencia,correduria,41.0,215.93,0,1.0
CMP00380,CLI2380,2023-02-13,AUTO,Cantabria,telefono,76.0,502.17,0,5.0
CMP00126,CLI2126,2023-02-19,AUTO,Cantabria,correduria,34.0,498.77,0,5.0
CMP00431,CLI2431,2024-09-28,SALUD,Asturias,telefono,27.0,957.21,10,5.0
CMP00735,CLI2085,2023-10-09,AUTO,Malaga,online,79.0,602.87,0,5.0
CMP00130,CLI2130,2023-05-31,AUTO,Baleares,correduria,60.0,464.98,15,2.0
CMP00545,CLI2545,2024-01-21,VIDA,Tarragona,online,74.0,305.13,20,1.0
CMP00756,CLI2106,2024-08-23,AUTO,Malaga,agente,,329.89,0,4.0
CMP00036,CLI2036,2023-08-05,HOGAR,Asturias,correduria,63.0,118.56,5,1.0
CMP00200,CLI2200,2024-04-26,AUTO,Valencia,telefono,51.0,454.96,5,5.0
CMP00593,CLI2593,2023-02-09,HOGAR,Vizcaya,telefono,37.0,198.83,0,2.0
CMP00155,CLI2155,2024-03-14,AUTO,Girona,online,27.0,376.43,5,
CMP00777,CLI2127,2023-02-06,AUTO,Vizcaya,agente,45.0,445.7,0,5.0
CMP00078,CLI2078,2024-11-25,HOGAR,Asturias,correduria,34.0,283.03,10,3.0
CMP00482,CLI2482,2023-03-09,AUTO,Sevilla,online,55.0,535.76,0,5.0
CMP00725,CLI2075,2024-04-14,SALUD,Lleida,telefono,70.0,877.92,20,1.0
CMP00445,CLI2445,2024-01-27,HOGAR,Tarragona,correduria,56.0,285.54,0,4.0
CMP00652,CLI2002,2024-08-19,AUTO,Madrid,online,31.0,509.08,5,4.0
CMP00177,CLI2177,2024-11-24,HOGAR,Zaragoza,correduria,50.0,227.69,5,3.0
CMP00664,CLI2014,2024-01-22,AUTO,A Coruna,telefono,67.0,584.27,10,4.0
CMP00031,CLI2031,2023-01-20,HOGAR,Tarragona,telefono,54.0,295.88,15,3.0
CMP00059,CLI2059,2023-09-22,AUTO,A Coruna,telefono,44.0,327.17,5,5.0
CMP00466,CLI2466,2024-03-12,AUTO,Asturias,telefono,21.0,415.65,0,
CMP00750,CLI2100,2024-07-28,AUTO,Zaragoza,correduria,30.0,304.74,0,1.0
CMP00021,CLI2021,2023-12-19,AUTO,Girona,agente,44.0,380.45,0,4.0
CMP00388,CLI2388,2023-09-01,HOGAR,Tarragona,telefono,62.0,240.16,0,1.0
CMP00747,CLI2097,2023-05-18,AUTO,Barcelona,agente,66.0,401.03,0,2.0
CMP00225,CLI2225,2023-06-09,AUTO,Cantabria,correduria,22.0,366.88,15,
CMP00738,CLI2088,2024-02-24,AUTO,A Coruna,correduria,58.0,427.07,15,1.0
CMP00332,CLI2332,2024-09-29,AUTO,Vizcaya,telefono,44.0,466.46,5,3.0
CMP00440,CLI2440,2024-10-03,SALUD,Malaga,online,31.0,659.99,0,
CMP00522,CLI2522,2024-07-26,AUTO,A Coruna,correduria,52.0,539.6,0,2.0
CMP00437,CLI2437,2023-07-15,VIDA,Sevilla,agente,29.0,219.07,10,4.0
CMP00392,CLI2392,2024-01-15,AUTO,Sevilla,correduria,39.0,338.32,0,4.0
CMP00662,CLI2012,2024-11-17,SALUD,Zaragoza,agente,60.0,547.09,5,4.0
CMP00792,CLI2142,2023-04-25,SALUD,Zaragoza,telefono,79.0,859.73,15,3.0
CMP00306,CLI2306,2023-12-28,AUTO,Girona,correduria,,520.41,0,3.0
CMP00486,CLI2486,2024-10-17,AUTO,Cantabria,telefono,78.0,515.7,0,5.0
CMP00746,CLI2096,2024-01-06,AUTO,Tarragona,online,56.0,341.97,10,2.0
CMP00084,CLI2084,2024-06-11,AUTO,Asturias,correduria,25.0,400.15,0,4.0
CMP00698,CLI2048,2023-03-16,AUTO,Cantabria,online,73.0,449.88,0,1.0
CMP00053,CLI2053,2024-04-18,AUTO,Madrid,correduria,65.0,323.33,0,2.0
CMP00728,CLI2078,2024-10-06,HOGAR,Alicante,online,52.0,306.51,0,4.0
CMP00690,CLI2040,2024-04-22,HOGAR,Cantabria,correduria,30.0,333.49,5,2.0
CMP00374,CLI2374,2023-12-06,AUTO,Girona,telefono,60.0,558.92,0,1.0
CMP00051,CLI2051,2024-08-25,SALUD,Vizcaya,correduria,44.0,685.72,0,2.0
CMP00115,CLI2115,2024-06-05,AUTO,Barcelona,telefono,25.0,411.47,5,3.0
CMP00255,CLI2255,2024-08-23,VIDA,Sevilla,telefono,25.0,350.04,5,3.0
CMP00128,CLI2128,2023-08-13,SALUD,Tarragona,online,56.0,642.34,20,4.0
CMP00669,CLI2019,2024-05-21,VIDA,Asturias,correduria,38.0,262.5,0,1.0
CMP00447,CLI2447,2023-06-13,AUTO,Cantabria,online,38.0,340.89,10,2.0
CMP00603,CLI2603,2024-08-25,AUTO,Barcelona,agente,42.0,559.07,10,4.0
CMP00122,CLI2122,2023-06-05,HOGAR,Cantabria,correduria,51.0,257.87,5,1.0
CMP00280,CLI2280,2023-09-03,VIDA,Cantabria,correduria,66.0,291.6,5,2.0
CMP00371,CLI2371,2024-03-18,AUTO,Lleida,telefono,38.0,516.22,0,3.0
CMP00086,CLI2086,2023-08-12,HOGAR,A Coruna,agente,55.0,197.56,5,2.0
CMP00050,CLI2050,2023-06-29,VIDA,Madrid,telefono,48.0,301.31,5,4.0
CMP00781,CLI2131,2024-05-03,AUTO,Alicante,online,51.0,393.83,5,4.0
CMP00133,CLI2133,2023-08-17,AUTO,Alicante,agente,52.0,489.53,10,2.0
CMP00193,CLI2193,2023-03-26,HOGAR,Baleares,correduria,74.0,264.64,5,3.0
CMP00400,CLI2400,2023-09-06,AUTO,Vizcaya,correduria,40.0,359.81,0,4.0
CMP00578,CLI2578,2024-06-12,VIDA,Sevilla,online,18.0,233.48,5,3.0
CMP00519,CLI2519,2023-10-02,AUTO,Baleares,telefono,33.0,459.15,0,4.0
CMP00723,CLI2073,2023-04-08,AUTO,Valencia,agente,67.0,576.51,5,3.0
CMP00561,CLI2561,2023-09-06,SALUD,Vizcaya,correduria,25.0,725.12,0,2.0
CMP00204,CLI2204,2023-05-16,AUTO,Baleares,agente,48.0,432.37,0,4.0
CMP00042,CLI2042,2024-10-27,AUTO,Cantabria,online,23.0,334.08,20,4.0
CMP00398,CLI2398,2023-12-08,HOGAR,Girona,agente,78.0,188.2,0,1.0
CMP00186,CLI2186,2024-06-16,AUTO,Alicante,correduria,79.0,218.46,0,
CMP00754,CLI2104,2024-05-12,AUTO,Zaragoza,telefono,55.0,560.82,0,5.0
CMP00693,CLI2043,2023-09-24,AUTO,Lleida,agente,,361.61,5,1.0
CMP00609,CLI2609,2024-04-14,AUTO,Madrid,telefono,56.0,438.64,0,4.0
CMP00072,CLI2072,2023-11-05,AUTO,Vizcaya,online,45.0,375.1,0,1.0
CMP00422,CLI2422,2023-10-17,AUTO,Alicante,agente,72.0,425.34,5,2.0
CMP00001,CLI2001,2024-11-03,AUTO,Lleida,correduria,68.0,424.99,5,4.0
CMP00239,CLI2239,2024-09-18,AUTO,Girona,telefono,65.0,354.49,20,4.0
CMP00598,CLI2598,2024-08-13,AUTO,Malaga,telefono,34.0,281.82,20,
CMP00175,CLI2175,2024-01-20,HOGAR,Madrid,telefono,30.0,198.25,0,1.0
CMP00054,CLI2054,2024-11-11,VIDA,Malaga,online,36.0,346.9,10,2.0
CMP00489,CLI2489,2023-12-11,AUTO,Zaragoza,correduria,24.0,462.03,0,
CMP00499,CLI2499,2023-04-16,HOGAR,Zaragoza,agente,65.0,182.89,0,3.0
CMP00087,CLI2087,2023-10-24,HOGAR,Zaragoza,correduria,23.0,201.61,10,3.0
CMP00278,CLI2278,2023-04-02,AUTO,Madrid,telefono,21.0,444.42,0,5.0
CMP00080,CLI2080,2024-09-01,AUTO,Asturias,correduria,54.0,453.35,15,4.0
CMP00661,CLI2011,2024-10-30,AUTO,Asturias,agente,41.0,605.98,0,2.0
CMP00705,CLI2055,2023-03-08,HOGAR,Asturias,telefono,64.0,220.69,0,5.0
CMP00055,CLI2055,2024-01-20,AUTO,Malaga,telefono,39.0,271.37,0,1.0
CMP00729,CLI2079,2024-03-14,VIDA,Girona,online,36.0,378.41,0,4.0
CMP00221,CLI2221,2023-01-10,HOGAR,Malaga,agente,51.0,277.1,0,5.0
CMP00015,CLI2015,2024-04-21,AUTO,Lleida,online,70.0,444.57,0,2.0
CMP00495,CLI2495,2023-07-06,AUTO,Madrid,online,48.0,464.16,0,3.0
CMP00224,CLI2224,2023-06-28,AUTO,Cantabria,telefono,72.0,658.94,0,5.0
CMP00753,CLI2103,2023-03-24,AUTO,Lleida,online,51.0,528.48,15,3.0
CMP00312,CLI2312,2024-04-22,AUTO,Alicante,telefono,25.0,461.8,0,1.0
CMP00310,CLI2310,2024-05-05,VIDA,Vizcaya,online,28.0,385.39,5,2.0
CMP00634,CLI2634,2024-07-01,AUTO,A Coruna,correduria,45.0,461.48,5,3.0
CMP00576,CLI2576,2024-07-04,AUTO,Vizcaya,correduria,60.0,502.21,0,3.0
CMP00377,CLI2377,2024-03-19,AUTO,Madrid,online,38.0,367.43,5,5.0
CMP00099,CLI2099,2023-03-04,AUTO,Tarragona,online,32.0,346.84,0,4.0
CMP00396,CLI2396,2024-03-17,AUTO,Vizcaya,agente,42.0,420.36,0,2.0
CMP00429,CLI2429,2024-04-17,VIDA,Sevilla,telefono,39.0,261.53,5,2.0
CMP00168,CLI2168,2023-12-30,AUTO,Baleares,telefono,32.0,406.64,0,4.0
CMP00037,CLI2037,2024-03-28,HOGAR,Asturias,telefono,70.0,297.64,0,
CMP00286,CLI2286,2023-05-17,AUTO,Valencia,telefono,19.0,437.25,5,4.0
CMP00214,CLI2214,2024-08-07,AUTO,Baleares,online,20.0,373.46,0,3.0
CMP00261,CLI2261,2023-02-26,AUTO,Vizcaya,agente,66.0,353.28,5,5.0
CMP00655,CLI2005,2023-04-14,AUTO,A Coruna,agente,55.0,361.15,0,3.0
CMP00138,CLI2138,2024-05-28,AUTO,Sevilla,telefono,50.0,452.14,5,3.0
CMP00719,CLI2069,2023-04-21,AUTO,Zaragoza,telefono,48.0,417.74,0,3.0
CMP00513,CLI2513,2024-06-19,HOGAR,Asturias,agente,55.0,268.87,10,3.0
CMP00240,CLI2240,2024-08-31,HOGAR,Tarragona,telefono,72.0,242.15,10,2.0
CMP00290,CLI2290,2023-08-16,AUTO,Zaragoza,online,65.0,567.47,15,5.0
CMP00136,CLI2136,2023-06-12,AUTO,Valencia,online,21.0,278.67,10,4.0
CMP00491,CLI2491,2023-07-04,AUTO,Vizcaya,online,38.0,361.3,10,1.0
CMP00244,CLI2244,2023-10-23,AUTO,Cantabria,telefono,43.0,456.46,5,3.0
CMP00357,CLI2357,2024-07-28,AUTO,Alicante,telefono,67.0,427.47,0,3.0
CMP00119,CLI2119,2023-11-11,HOGAR,Alicante,online,27.0,227.7,15,1.0
CMP00041,CLI2041,2024-08-13,AUTO,Vizcaya,online,49.0,403.48,20,4.0
CMP00003,CLI2003,2023-03-24,HOGAR,Malaga,correduria,23.0,287.05,20,1.0
CMP00442,CLI2442,2023-12-26,AUTO,Vizcaya,correduria,62.0,445.17,0,
CMP00235,CLI2235,2024-10-01,VIDA,Madrid,online,21.0,325.06,5,1.0
CMP00102,CLI2102,2024-01-04,AUTO,Sevilla,agente,47.0,494.87,0,2.0
CMP00468,CLI2468,2023-11-15,VIDA,Alicante,online,35.0,218.45,0,1.0
CMP00752,CLI2102,2024-04-07,HOGAR,Baleares,telefono,79.0,294.97,10,1.0
CMP00109,CLI2109,2024-10-16,HOGAR,Tarragona,agente,43.0,344.51,5,4.0
CMP00377,CLI2377,2024-03-19,AUTO,Madrid,online,38.0,367.43,5,5.0
CMP00347,CLI2347,2023-02-03,AUTO,Sevilla,correduria,45.0,488.82,10,
CMP00572,CLI2572,2023-12-07,AUTO,Vizcaya,online,20.0,281.49,0,2.0
CMP00581,CLI2581,2024-10-08,HOGAR,Zaragoza,agente,20.0,253.13,20,3.0
CMP00183,CLI2183,2023-11-07,AUTO,A Coruna,correduria,41.0,447.05,0,2.0
CMP00539,CLI2539,2023-04-01,AUTO,A Coruna,correduria,47.0,440.72,5,3.0
CMP00289,CLI2289,2023-07-18,AUTO,Sevilla,agente,27.0,368.37,0,4.0
CMP00566,CLI2566,2023-03-12,SALUD,Alicante,telefono,52.0,792.98,10,4.0
CMP00096,CLI2096,2024-04-11,AUTO,A Coruna,telefono,77.0,464.19,10,4.0
CMP00678,CLI2028,2023-04-10,VIDA,Zaragoza,telefono,72.0,287.88,10,2.0
CMP00254,CLI2254,2023-07-12,HOGAR,Baleares,agente,25.0,261.92,0,2.0
CMP00271,CLI2271,2024-11-27,VIDA,Zaragoza,online,43.0,409.87,5,5.0
CMP00479,CLI2479,2023-02-07,AUTO,Baleares,online,52.0,385.52,15,4.0
CMP00627,CLI2627,2024-11-18,VIDA,Cantabria,telefono,56.0,345.73,5,2.0
CMP00537,CLI2537,2023-01-16,AUTO,Malaga,agente,36.0,423.2,0,5.0
CMP00145,CLI2145,2024-03-05,HOGAR,Madrid,telefono,46.0,242.85,20,5.0
CMP00626,CLI2626,2024-10-31,AUTO,Malaga,online,67.0,491.62,0,3.0
CMP00562,CLI2562,2024-07-26,HOGAR,Zaragoza,correduria,67.0,135.68,0,1.0
CMP00385,CLI2385,2023-06-18,AUTO,Tarragona,online,58.0,485.37,0,4.0
CMP00256,CLI2256,2024-02-28,AUTO,Malaga,telefono,46.0,450.68,5,3.0
CMP00273,CLI2273,2023-11-06,AUTO,A Coruna,online,18.0,525.87,0,5.0
CMP00572,CLI2572,2023-12-07,AUTO,Vizcaya,online,20.0,281.49,0,2.0
CMP00688,CLI2038,2023-09-08,VIDA,Baleares,agente,41.0,296.98,0,1.0
CMP00091,CLI2091,2023-05-02,HOGAR,Malaga,agente,66.0,292.84,5,2.0
CMP00527,CLI2527,2023-08-11,HOGAR,Asturias,telefono,,330.24,10,4.0
CMP00363,CLI2363,2023-01-24,VIDA,Barcelona,online,,251.59,0,3.0
CMP00700,CLI2050,2023-04-02,HOGAR,Barcelona,online,55.0,281.37,20,3.0
CMP00007,CLI2007,2023-08-31,AUTO,Cantabria,telefono,46.0,448.68,20,4.0
CMP00441,CLI2441,2023-10-08,AUTO,Zaragoza,agente,46.0,487.78,5,
CMP00387,CLI2387,2024-02-09,SALUD,Lleida,online,,574.27,0,5.0
CMP00181,CLI2181,2024-09-05,HOGAR,Alicante,telefono,36.0,309.59,0,2.0
CMP00458,CLI2458,2024-07-02,HOGAR,Barcelona,agente,77.0,233.36,0,2.0
CMP00210,CLI2210,2024-03-15,AUTO,Lleida,agente,48.0,391.84,15,3.0
CMP00727,CLI2077,2024-09-12,VIDA,Valencia,telefono,27.0,359.95,5,5.0
CMP00265,CLI2265,2023-02-16,VIDA,Malaga,agente,62.0,396.0,5,2.0
CMP00570,CLI2570,2023-09-20,SALUD,Sevilla,agente,38.0,419.34,10,5.0
CMP00250,CLI2250,2023-06-17,HOGAR,Alicante,agente,38.0,257.56,0,4.0
CMP00559,CLI2559,2024-04-28,HOGAR,Tarragona,telefono,23.0,252.42,0,5.0
CMP00421,CLI2421,2024-09-25,HOGAR,Malaga,agente,53.0,238.53,5,5.0
CMP00720,CLI2070,2024-05-11,AUTO,Tarragona,agente,59.0,409.51,10,2.0
CMP00485,CLI2485,2024-01-11,SALUD,A Coruna,correduria,47.0,646.05,20,5.0
CMP00509,CLI2509,2023-03-19,HOGAR,Alicante,correduria,19.0,247.32,5,5.0
CMP00773,CLI2123,2023-12-13,VIDA,Barcelona,telefono,32.0,410.35,5,4.0
CMP00190,CLI2190,2023-05-14,AUTO,A Coruna,agente,30.0,527.16,0,2.0
CMP00323,CLI2323,2023-12-12,HOGAR,Vizcaya,online,59.0,205.88,10,4.0
CMP00149,CLI2149,2023-01-08,AUTO,A Coruna,telefono,40.0,443.57,0,2.0
CMP00796,CLI2146,2023-12-28,AUTO,Cantabria,online,22.0,513.29,0,3.0
CMP00140,CLI2140,2023-07-20,AUTO,Alicante,correduria,65.0,480.94,0,4.0
CMP00782,CLI2132,2023-09-18,HOGAR,Asturias,agente,54.0,262.49,0,
CMP00064,CLI2064,2024-09-26,HOGAR,Sevilla,agente,22.0,204.59,0,5.0
CMP00518,CLI2518,2023-08-22,HOGAR,Girona,online,44.0,205.85,5,3.0
CMP00520,CLI2520,2024-03-05,AUTO,Barcelona,online,62.0,457.38,0,2.0
CMP00034,CLI2034,2023-12-06,AUTO,Alicante,online,50.0,508.99,10,5.0
CMP00305,CLI2305,2023-02-09,HOGAR,Girona,correduria,33.0,223.58,0,1.0
CMP00208,CLI2208,2024-04-22,HOGAR,Lleida,correduria,59.0,416.27,5,2.0
CMP00196,CLI2196,2024-10-18,HOGAR,Asturias,online,29.0,205.03,0,1.0
CMP00769,CLI2119,2023-04-12,HOGAR,Baleares,agente,34.0,329.39,10,1.0
CMP00708,CLI2058,2023-10-10,AUTO,Alicante,correduria,26.0,381.23,20,5.0
CMP00282,CLI2282,2024-09-12,VIDA,Tarragona,telefono,40.0,340.7,0,5.0
CMP00304,CLI2304,2024-09-15,HOGAR,A Coruna,agente,54.0,276.05,10,1.0
CMP00262,CLI2262,2024-03-08,AUTO,Baleares,correduria,69.0,380.49,10,1.0
CMP00195,CLI2195,2023-03-18,VIDA,Valencia,correduria,26.0,279.2,15,1.0
CMP00494,CLI2494,2024-06-29,AUTO,Zaragoza,agente,,315.7,15,2.0
CMP00382,CLI2382,2024-03-16,HOGAR,Madrid,telefono,56.0,312.36,0,2.0
CMP00158,CLI2158,2023-05-19,AUTO,Cantabria,online,53.0,338.87,0,1.0
CMP00477,CLI2477,2023-05-11,VIDA,Barcelona,agente,41.0,334.8,15,3.0
CMP00667,CLI2017,2024-05-14,HOGAR,Zaragoza,online,50.0,285.15,0,5.0
CMP00399,CLI2399,2023-11-22,SALUD,Cantabria,telefono,22.0,689.32,0,5.0
CMP00574,CLI2574,2023-11-13,HOGAR,Valencia,online,49.0,234.4,0,3.0
CMP00011,CLI2011,2024-07-20,HOGAR,Valencia,telefono,65.0,225.34,15,2.0
CMP00740,CLI2090,2024-04-23,AUTO,Tarragona,telefono,39.0,493.79,0,3.0
CMP00045,CLI2045,2024-01-24,HOGAR,Barcelona,telefono,61.0,231.46,0,5.0
CMP00611,CLI2611,2024-11-25,SALUD,Madrid,agente,33.0,555.93,0,1.0
CMP00088,CLI2088,2023-03-30,AUTO,Asturias,telefono,59.0,462.52,5,1.0
CMP00542,CLI2542,2024-04-04,AUTO,Sevilla,online,34.0,515.39,10,5.0
CMP00157,CLI2157,2024-04-27,HOGAR,Cantabria,correduria,37.0,266.86,5,3.0
CMP00125,CLI2125,2023-08-27,AUTO,Sevilla,telefono,27.0,435.46,0,2.0
CMP00355,CLI2355,2023-05-09,VIDA,Valencia,online,32.0,219.97,0,4.0
CMP00389,CLI2389,2023-01-15,HOGAR,Valencia,telefono,54.0,359.52,5,3.0
CMP00414,CLI2414,2023-09-03,HOGAR,Girona,correduria,31.0,203.67,5,
CMP00298,CLI2298,2023-08-30,HOGAR,Madrid,online,26.0,259.01,5,2.0
CMP00791,CLI2141,2023-01-04,SALUD,Asturias,telefono,28.0,883.51,0,5.0
CMP00040,CLI2040,2024-11-21,AUTO,Asturias,correduria,36.0,455.29,20,5.0
CMP00274,CLI2274,2023-09-06,AUTO,Lleida,telefono,32.0,392.26,5,5.0
CMP00082,CLI2082,2023-08-19,HOGAR,Cantabria,agente,35.0,242.03,0,5.0
CMP00198,CLI2198,2024-10-26,SALUD,A Coruna,agente,76.0,793.18,0,1.0
CMP00718,CLI2068,2024-06-10,HOGAR,Cantabria,correduria,59.0,276.48,5,5.0
CMP00767,CLI2117,2023-01-17,HOGAR,Sevilla,telefono,55.0,312.55,0,5.0
CMP00012,CLI2012,2023-06-18,AUTO,A Coruna,agente,79.0,254.74,5,2.0
CMP00127,CLI2127,2024-11-14,SALUD,Valencia,agente,41.0,1075.9,5,4.0
CMP00356,CLI2356,2023-11-19,AUTO,Vizcaya,online,36.0,330.18,0,3.0
CMP00189,CLI2189,2023-10-16,VIDA,Baleares,online,49.0,269.94,5,2.0
CMP00505,CLI2505,2024-09-11,HOGAR,Barcelona,online,33.0,240.61,5,5.0
CMP00748,CLI2098,2023-02-07,AUTO,Barcelona,correduria,37.0,539.02,10,2.0
CMP00287,CLI2287,2024-09-08,AUTO,Valencia,correduria,27.0,441.95,5,4.0
CMP00460,CLI2460,2023-11-08,HOGAR,Alicante,telefono,49.0,243.08,5,3.0
CMP00234,CLI2234,2024-11-24,HOGAR,Vizcaya,online,49.0,254.51,5,5.0
CMP00106,CLI2106,2023-02-21,AUTO,Zaragoza,correduria,71.0,487.89,0,5.0
CMP00780,CLI2130,2024-01-14,AUTO,Valencia,telefono,21.0,327.05,0,2.0
CMP00191,CLI2191,2023-07-04,HOGAR,Zaragoza,online,,265.29,5,3.0
CMP00132,CLI2132,2024-05-04,AUTO,Lleida,agente,60.0,564.97,0,2.0
CMP00551,CLI2551,2023-05-24,VIDA,Barcelona,telefono,71.0,277.47,0,2.0
CMP00600,CLI2600,2023-08-03,VIDA,Sevilla,telefono,45.0,305.15,10,1.0
CMP00543,CLI2543,2024-06-20,AUTO,Tarragona,telefono,63.0,481.93,5,4.0
CMP00105,CLI2105,2024-06-17,AUTO,Zaragoza,telefono,79.0,425.43,0,4.0
CMP00564,CLI2564,2024-04-08,SALUD,Vizcaya,correduria,53.0,582.17,15,4.0
CMP00313,CLI2313,2023-09-14,HOGAR,Girona,telefono,25.0,324.55,20,5.0
CMP00343,CLI2343,2023-11-25,HOGAR,A Coruna,correduria,49.0,272.64,5,4.0
CMP00487,CLI2487,2023-03-10,HOGAR,Valencia,telefono,56.0,333.31,10,1.0
CMP00035,CLI2035,2024-11-17,AUTO,Baleares,telefono,18.0,166.73,5,1.0
CMP00764,CLI2114,2024-10-11,VIDA,Baleares,correduria,74.0,337.56,0,2.0
CMP00507,CLI2507,2024-02-19,HOGAR,Tarragona,correduria,34.0,155.52,0,5.0
CMP00529,CLI2529,2023-01-31,HOGAR,Baleares,correduria,19.0,245.35,15,2.0
CMP00646,CLI2646,2024-05-16,SALUD,Sevilla,correduria,38.0,808.22,10,3.0
CMP00715,CLI2065,2024-08-29,AUTO,Sevilla,online,19.0,490.47,0,3.0
CMP00344,CLI2344,2024-04-04,AUTO,Vizcaya,telefono,38.0,309.06,20,4.0
CMP00560,CLI2560,2023-03-24,AUTO,Girona,correduria,19.0,363.08,20,3.0
CMP00784,CLI2134,2024-02-04,AUTO,Baleares,online,39.0,469.15,0,4.0
CMP00383,CLI2383,2024-09-28,AUTO,Baleares,correduria,78.0,367.12,5,1.0
CMP00606,CLI2606,2024-09-26,HOGAR,Girona,correduria,40.0,312.48,5,5.0
CMP00619,CLI2619,2024-01-04,AUTO,Alicante,telefono,64.0,455.37,5,2.0
CMP00584,CLI2584,2024-06-29,HOGAR,Madrid,correduria,70.0,254.74,15,
CMP00156,CLI2156,2024-08-05,SALUD,Girona,agente,59.0,914.41,15,1.0
CMP00150,CLI2150,2024-05-08,HOGAR,Barcelona,telefono,59.0,249.44,10,5.0
CMP00131,CLI2131,2024-07-15,HOGAR,Lleida,agente,60.0,268.71,5,1.0
CMP00679,CLI2029,2023-05-23,VIDA,Sevilla,online,20.0,291.77,10,2.0
CMP00618,CLI2618,2024-11-22,VIDA,Lleida,online,70.0,257.7,0,1.0
CMP00320,CLI2320,2023-10-21,VIDA,Sevilla,telefono,38.0,394.76,0,3.0
CMP00213,CLI2213,2023-10-20,AUTO,Vizcaya,correduria,64.0,465.52,0,2.0
CMP00010,CLI2010,2024-10-30,AUTO,Malaga,telefono,43.0,432.18,0,2.0
CMP00276,CLI2276,2024-08-18,HOGAR,Cantabria,correduria,34.0,287.95,0,1.0
CMP00755,CLI2105,2024-07-15,HOGAR,A Coruna,telefono,56.0,312.37,10,3.0
CMP00704,CLI2054,2024-03-29,AUTO,Malaga,telefono,51.0,328.42,0,4.0
CMP00113,CLI2113,2023-10-03,SALUD,Tarragona,correduria,19.0,842.0,10,1.0
CMP00107,CLI2107,2023-09-08,HOGAR,Asturias,online,70.0,268.59,0,3.0
CMP00314,CLI2314,2024-06-25,AUTO,Tarragona,telefono,19.0,382.86,5,3.0
CMP00774,CLI2124,2024-03-21,SALUD,Girona,agente,45.0,208.54,0,2.0
CMP00528,CLI2528,2023-12-08,HOGAR,Tarragona,correduria,62.0,326.43,10,1.0
CMP00721,CLI2071,2024-06-22,AUTO,Malaga,agente,,406.94,10,5.0
CMP00554,CLI2554,2023-03-17,VIDA,Baleares,telefono,21.0,266.72,0,3.0
CMP00345,CLI2345,2024-04-09,AUTO,Madrid,agente,20.0,470.48,20,5.0
CMP00346,CLI2346,2024-02-10,AUTO,Asturias,online,23.0,435.39,0,2.0
CMP00453,CLI2453,2024-10-04,AUTO,Zaragoza,agente,78.0,485.05,10,2.0
CMP00094,CLI2094,2024-10-05,AUTO,A Coruna,online,34.0,471.96,0,3.0
CMP00651,CLI2001,2024-10-26,AUTO,Valencia,agente,33.0,541.67,0,2.0
CMP00659,CLI2009,2024-04-12,AUTO,Girona,agente,35.0,375.66,0,2.0
CMP00475,CLI2475,2023-01-29,HOGAR,Madrid,agente,47.0,230.96,5,1.0
CMP00680,CLI2030,2024-06-12,AUTO,Girona,online,26.0,538.36,0,2.0
CMP00552,CLI2552,2024-01-27,AUTO,Madrid,agente,66.0,619.09,15,5.0
CMP00588,CLI2588,2023-05-24,VIDA,Lleida,online,45.0,285.6,5,2.0
CMP00536,CLI2536,2024-09-29,VIDA,Valencia,correduria,79.0,185.47,0,2.0
CMP00406,CLI2406,2024-07-24,AUTO,Cantabria,online,52.0,491.04,10,4.0
CMP00403,CLI2403,2023-09-16,VIDA,Sevilla,telefono,34.0,289.5,20,3.0
CMP00648,CLI2648,2023-01-26,VIDA,Girona,agente,69.0,217.58,5,5.0
CMP00063,CLI2063,2024-01-18,AUTO,Girona,agente,69.0,486.9,0,4.0
CMP00081,CLI2081,2023-07-16,AUTO,Malaga,online,,479.97,20,1.0
CMP00318,CLI2318,2023-10-31,VIDA,Cantabria,telefono,57.0,305.33,15,3.0
CMP00686,CLI2036,2023-07-25,HOGAR,Cantabria,online,32.0,225.88,5,4.0
CMP00170,CLI2170,2023-04-30,AUTO,Valencia,online,38.0,535.17,0,5.0
CMP00277,CLI2277,2023-07-24,HOGAR,Tarragona,agente,56.0,292.17,0,4.0
CMP00550,CLI2550,2024-06-04,AUTO,Girona,agente,66.0,383.02,0,5.0
CMP00373,CLI2373,2024-10-09,VIDA,Cantabria,correduria,24.0,243.6,5,3.0
CMP00673,CLI2023,2023-12-29,HOGAR,Tarragona,agente,53.0,305.64,15,4.0
CMP00743,CLI2093,2023-08-04,HOGAR,Baleares,online,79.0,214.26,5,2.0
CMP00248,CLI2248,2023-04-23,VIDA,Malaga,correduria,50.0,365.64,5,1.0
CMP00299,CLI2299,2023-10-24,HOGAR,A Coruna,correduria,57.0,230.89,5,4.0
CMP00302,CLI2302,2023-11-27,VIDA,Alicante,online,36.0,283.75,5,1.0
CMP00757,CLI2107,2023-08-21,HOGAR,Baleares,agente,49.0,314.18,0,2.0
CMP00493,CLI2493,2023-08-02,AUTO,Alicante,correduria,42.0,443.12,15,2.0
CMP00004,CLI2004,2024-10-24,HOGAR,Tarragona,online,20.0,236.64,15,1.0
CMP00488,CLI2488,2023-11-10,AUTO,Tarragona,online,73.0,636.2,10,5.0
CMP00511,CLI2511,2024-02-24,AUTO,Sevilla,correduria,78.0,692.42,5,2.0
CMP00599,CLI2599,2023-02-06,AUTO,Tarragona,online,64.0,468.03,0,5.0
CMP00544,CLI2544,2023-05-17,AUTO,Girona,agente,58.0,487.26,10,1.0
CMP00597,CLI2597,2024-01-10,VIDA,Lleida,correduria,39.0,361.54,5,4.0
CMP00219,CLI2219,2024-07-13,HOGAR,Vizcaya,online,54.0,244.24,10,2.0
CMP00137,CLI2137,2023-12-15,AUTO,Barcelona,correduria,48.0,465.66,15,4.0
CMP00731,CLI2081,2023-05-04,AUTO,Asturias,telefono,62.0,515.93,0,1.0
CMP00749,CLI2099,2023-06-03,HOGAR,Madrid,correduria,23.0,306.01,5,3.0
CMP00046,CLI2046,2024-10-29,AUTO,Alicante,online,,409.74,0,5.0
CMP00625,CLI2625,2023-12-02,HOGAR,Barcelona,agente,32.0,243.0,0,4.0
CMP00497,CLI2497,2023-01-01,VIDA,Madrid,correduria,74.0,292.59,15,2.0
CMP00350,CLI2350,2023-02-18,AUTO,Sevilla,telefono,26.0,407.01,5,3.0
CMP00555,CLI2555,2023-03-19,SALUD,Alicante,telefono,39.0,892.52,10,2.0
CMP00394,CLI2394,2024-07-01,AUTO,Zaragoza,correduria,61.0,540.89,20,3.0
CMP00436,CLI2436,2023-07-22,SALUD,Girona,agente,66.0,708.81,10,1.0
CMP00565,CLI2565,2023-09-20,HOGAR,A Coruna,telefono,20.0,165.33,0,4.0
CMP00464,CLI2464,2024-08-11,HOGAR,Alicante,correduria,59.0,242.4,0,4.0
CMP00455,CLI2455,2023-11-10,VIDA,Madrid,telefono,48.0,351.08,0,5.0
CMP00341,CLI2341,2023-10-13,SALUD,Madrid,telefono,60.0,904.33,0,3.0
CMP00180,CLI2180,2024-01-10,AUTO,Malaga,online,63.0,312.73,5,1.0
CMP00516,CLI2516,2023-12-19,AUTO,A Coruna,online,78.0,591.52,5,1.0
CMP00787,CLI2137,2024-09-03,VIDA,Madrid,online,20.0,218.48,0,1.0
CMP00766,CLI2116,2023-07-16,VIDA,Girona,telefono,52.0,205.39,10,4.0
CMP00326,CLI2326,2024-11-04,AUTO,Malaga,online,75.0,529.0,0,2.0
CMP00065,CLI2065,2023-10-28,AUTO,Madrid,agente,77.0,470.9,0,5.0
CMP00656,CLI2006,2023-12-26,AUTO,Baleares,telefono,35.0,388.17,20,4.0
CMP00169,CLI2169,2024-04-28,AUTO,Alicante,correduria,39.0,373.35,0,1.0
CMP00612,CLI2612,2023-10-08,VIDA,Zaragoza,agente,69.0,351.32,0,5.0
CMP00370,CLI2370,2023-11-25,HOGAR,Alicante,agente,76.0,294.36,5,3.0
CMP00009,CLI2009,2023-03-07,AUTO,Girona,correduria,41.0,278.72,0,5.0
CMP00795,CLI2145,2024-06-15,AUTO,Madrid,agente,54.0,418.93,10,5.0
CMP00538,CLI2538,2023-10-23,VIDA,Malaga,agente,40.0,323.07,5,4.0
CMP00178,CLI2178,2024-11-11,HOGAR,Tarragona,online,78.0,334.88,10,
CMP00742,CLI2092,2023-08-17,AUTO,Madrid,correduria,60.0,411.28,0,1.0
CMP00760,CLI2110,2023-01-08,VIDA,Tarragona,correduria,76.0,293.2,10,4.0
CMP00163,CLI2163,2024-03-29,HOGAR,Madrid,telefono,20.0,225.34,0,1.0
CMP00589,CLI2589,2023-10-14,AUTO,Madrid,agente,26.0,396.06,5,5.0
CMP00798,CLI2148,2023-11-02,HOGAR,Tarragona,agente,22.0,292.64,10,4.0
CMP00531,CLI2531,2024-05-11,HOGAR,A Coruna,online,18.0,226.22,20,2.0
CMP00217,CLI2217,2023-08-05,AUTO,Vizcaya,correduria,59.0,224.84,5,1.0
CMP00790,CLI2140,2024-09-17,SALUD,Sevilla,online,43.0,629.2,20,3.0
CMP00591,CLI2591,2023-06-05,HOGAR,Barcelona,correduria,55.0,238.04,20,2.0
CMP00670,CLI2020,2023-08-08,SALUD,Barcelona,telefono,40.0,733.06,0,5.0
CMP00663,CLI2013,2024-03-15,SALUD,Sevilla,telefono,34.0,707.01,10,1.0
CMP00093,CLI2093,2024-09-06,AUTO,Valencia,agente,60.0,368.65,20,4.0
CMP00308,CLI2308,2023-07-16,SALUD,Sevilla,agente,56.0,720.07,0,5.0
CMP00792,CLI2142,2023-04-25,SALUD,Zaragoza,telefono,79.0,859.73,15,3.0
CMP00546,CLI2546,2024-10-26,AUTO,Zaragoza,online,76.0,386.6,0,2.0
CMP00637,CLI2637,2024-04-10,HOGAR,Baleares,online,27.0,197.46,0,2.0
CMP00110,CLI2110,2024-06-30,SALUD,Girona,agente,49.0,803.04,5,
CMP00770,CLI2120,2024-01-09,AUTO,Cantabria,telefono,18.0,394.16,10,5.0
CMP00638,CLI2638,2023-03-01,AUTO,Madrid,agente,73.0,532.54,10,3.0
CMP00716,CLI2066,2023-12-06,AUTO,Alicante,telefono,38.0,486.1,10,4.0
CMP00120,CLI2120,2023-02-26,AUTO,Girona,online,21.0,428.19,5,1.0
CMP00142,CLI2142,2024-10-25,HOGAR,Barcelona,online,68.0,172.09,10,2.0
CMP00395,CLI2395,2024-10-29,AUTO,A Coruna,correduria,33.0,469.49,10,5.0
CMP00295,CLI2295,2023-12-15,AUTO,Lleida,agente,20.0,557.01,15,2.0
CMP00376,CLI2376,2024-04-18,AUTO,Lleida,telefono,76.0,455.69,10,4.0
CMP00650,CLI2000,2024-10-03,AUTO,Girona,agente,53.0,540.58,5,3.0
CMP00512,CLI2512,2023-01-24,HOGAR,Alicante,online,70.0,275.22,15,4.0
CMP00335,CLI2335,2023-09-10,VIDA,Sevilla,telefono,49.0,240.98,5,2.0
CMP00456,CLI2456,2023-05-28,HOGAR,Malaga,telefono,47.0,310.78,10,2.0
CMP00739,CLI2089,2024-05-14,SALUD,Lleida,agente,74.0,895.56,10,2.0
CMP00176,CLI2176,2024-08-12,SALUD,Zaragoza,agente,41.0,741.43,0,3.0
CMP00231,CLI2231,2023-11-08,HOGAR,Madrid,online,,348.67,0,3.0
CMP00301,CLI2301,2023-06-25,AUTO,Lleida,correduria,19.0,460.77,0,1.0
CMP00702,CLI2052,2024-01-10,HOGAR,Barcelona,correduria,49.0,102.8,10,4.0
CMP00450,CLI2450,2023-07-08,AUTO,Tarragona,agente,33.0,440.09,5,5.0
CMP00732,CLI2082,2023-09-01,HOGAR,Vizcaya,agente,67.0,289.0,0,2.0
CMP00185,CLI2185,2023-10-18,SALUD,Zaragoza,online,74.0,802.23,0,2.0
CMP00459,CLI2459,2023-07-31,AUTO,Asturias,online,27.0,333.38,0,2.0
CMP00471,CLI2471,2024-02-02,HOGAR,Lleida,telefono,36.0,263.38,5,5.0
CMP00340,CLI2340,2024-02-18,AUTO,Barcelona,online,31.0,455.63,15,3.0
CMP00068,CLI2068,2023-10-20,AUTO,Valencia,online,52.0,252.79,0,2.0
CMP00342,CLI2342,2023-02-06,AUTO,Malaga,telefono,58.0,276.47,5,2.0
CMP00658,CLI2008,2024-06-25,AUTO,Valencia,agente,18.0,469.2,5,2.0
CMP00104,CLI2104,2024-10-27,SALUD,Baleares,telefono,27.0,760.24,5,
CMP00521,CLI2521,2023-05-19,AUTO,Sevilla,online,54.0,463.24,5,5.0
CMP00703,CLI2053,2023-04-05,AUTO,Sevilla,online,63.0,467.38,0,2.0
CMP00699,CLI2049,2024-11-17,AUTO,Tarragona,agente,58.0,557.43,0,1.0
CMP00166,CLI2166,2024-04-21,VIDA,Malaga,online,72.0,316.97,0,3.0
CMP00684,CLI2034,2023-07-03,HOGAR,A Coruna,correduria,18.0,333.57,5,4.0
CMP00013,CLI2013,2024-03-30,AUTO,Malaga,online,34.0,480.9,15,2.0
CMP00647,CLI2647,2024-02-11,HOGAR,Malaga,telefono,78.0,245.37,0,3.0
CMP00632,CLI2632,2024-07-14,AUTO,Barcelona,correduria,32.0,395.18,0,
CMP00666,CLI2016,2024-10-22,AUTO,Baleares,agente,50.0,433.31,10,1.0
CMP00223,CLI2223,2023-05-11,AUTO,Alicante,agente,27.0,593.43,10,2.0
CMP00238,CLI2238,2024-11-08,HOGAR,Madrid,online,64.0,146.11,15,1.0
CMP00548,CLI2548,2024-08-01,VIDA,Sevilla,correduria,39.0,283.05,5,1.0
CMP00228,CLI2228,2024-04-13,HOGAR,Asturias,online,76.0,263.73,0,3.0
CMP00580,CLI2580,2023-11-11,HOGAR,Vizcaya,correduria,79.0,253.32,10,2.0
CMP00267,CLI2267,2024-10-15,AUTO,Barcelona,online,62.0,335.8,5,1.0
CMP00352,CLI2352,2023-02-11,HOGAR,Baleares,correduria,20.0,241.44,10,2.0
CMP00444,CLI2444,2023-08-27,SALUD,Lleida,online,34.0,646.69,0,5.0
CMP00630,CLI2630,2024-10-09,AUTO,Baleares,correduria,39.0,413.2,0,5.0
CMP00129,CLI2129,2024-03-06,HOGAR,Asturias,telefono,32.0,239.55,0,5.0
CMP00594,CLI2594,2023-03-13,HOGAR,Alicante,telefono,44.0,318.08,10,4.0
CMP00397,CLI2397,2024-01-01,AUTO,Valencia,online,77.0,315.52,15,3.0
CMP00067,CLI2067,2023-07-30,HOGAR,Girona,telefono,48.0,202.53,0,2.0
CMP00786,CLI2136,2024-09-25,AUTO,Valencia,correduria,74.0,448.01,20,1.0
CMP00462,CLI2462,2024-06-09,AUTO,Asturias,telefono,79.0,451.24,15,5.0
CMP00557,CLI2557,2024-03-15,AUTO,Lleida,telefono,60.0,393.08,0,2.0
CMP00689,CLI2039,2023-02-09,VIDA,Madrid,correduria,67.0,303.9,0,5.0
CMP00297,CLI2297,2024-01-03,HOGAR,Asturias,online,20.0,301.3,0,1.0
CMP00407,CLI2407,2023-09-10,AUTO,Girona,correduria,21.0,240.43,0,5.0
CMP00241,CLI2241,2024-10-28,HOGAR,Tarragona,agente,47.0,245.94,10,2.0
CMP00785,CLI2135,2023-04-03,VIDA,Sevilla,telefono,43.0,263.11,5,5.0
CMP00476,CLI2476,2024-09-08,HOGAR,Lleida,correduria,53.0,269.46,10,2.0
CMP00665,CLI2015,2024-06-19,AUTO,Tarragona,telefono,79.0,342.23,0,4.0
CMP00713,CLI2063,2023-10-18,HOGAR,Tarragona,online,57.0,258.65,0,2.0
CMP00454,CLI2454,2024-11-08,AUTO,Madrid,online,41.0,381.86,15,2.0
CMP00434,CLI2434,2023-01-09,AUTO,Vizcaya,telefono,33.0,462.71,10,1.0
CMP00605,CLI2605,2024-07-29,AUTO,Barcelona,agente,42.0,404.98,0,1.0
CMP00635,CLI2635,2023-03-12,AUTO,Barcelona,online,48.0,463.98,0,3.0
CMP00571,CLI2571,2024-09-04,HOGAR,Cantabria,correduria,68.0,377.24,0,
CMP00048,CLI2048,2023-03-15,VIDA,Valencia,agente,20.0,376.52,5,3.0
CMP00416,CLI2416,2024-02-17,AUTO,Girona,telefono,27.0,547.97,10,1.0
CMP00393,CLI2393,2024-05-01,AUTO,Barcelona,agente,30.0,501.05,0,2.0
CMP00202,CLI2202,2024-10-01,HOGAR,Baleares,telefono,38.0,209.11,0,1.0
CMP00563,CLI2563,2023-06-07,AUTO,Zaragoza,online,36.0,383.9,0,5.0
CMP00117,CLI2117,2023-03-02,AUTO,Lleida,correduria,70.0,469.81,15,1.0
CMP00446,CLI2446,2023-09-14,SALUD,Vizcaya,online,35.0,507.39,10,2.0
CMP00316,CLI2316,2024-06-18,HOGAR,Baleares,correduria,51.0,411.01,15,5.0
CMP00070,CLI2070,2024-09-11,AUTO,Lleida,correduria,63.0,424.12,10,2.0
CMP00319,CLI2319,2024-08-24,AUTO,Barcelona,telefono,77.0,447.39,0,4.0
CMP00378,CLI2378,2024-08-08,AUTO,Baleares,telefono,26.0,347.24,0,3.0
CMP00020,CLI2020,2023-04-19,AUTO,Barcelona,online,72.0,256.09,0,5.0
CMP00469,CLI2469,2024-04-29,VIDA,Barcelona,agente,70.0,343.9,0,3.0
CMP00209,CLI2209,2024-11-28,HOGAR,Madrid,online,58.0,295.23,10,1.0
CMP00266,CLI2266,2024-10-12,AUTO,Asturias,agente,57.0,452.64,15,3.0
CMP00575,CLI2575,2023-04-11,AUTO,Sevilla,telefono,74.0,486.93,5,5.0
CMP00097,CLI2097,2024-06-11,SALUD,A Coruna,correduria,29.0,674.81,15,4.0
CMP00089,CLI2089,2024-08-28,HOGAR,Sevilla,online,37.0,340.82,0,3.0
CMP00171,CLI2171,2023-12-06,VIDA,Valencia,telefono,78.0,322.32,0,5.0
CMP00470,CLI2470,2023-05-27,AUTO,Valencia,online,60.0,546.77,5,4.0
CMP00473,CLI2473,2023-03-13,AUTO,Lleida,correduria,69.0,434.98,15,2.0
CMP00272,CLI2272,2024-04-23,HOGAR,Tarragona,correduria,21.0,228.64,0,1.0
CMP00328,CLI2328,2024-10-05,HOGAR,Tarragona,telefono,57.0,260.19,5,5.0
CMP00620,CLI2620,2023-08-02,AUTO,Valencia,telefono,,231.81,0,2.0
CMP00032,CLI2032,2023-05-28,HOGAR,Asturias,telefono,41.0,302.41,0,2.0
CMP00636,CLI2636,2023-01-03,SALUD,Zaragoza,agente,19.0,563.42,10,2.0
CMP00502,CLI2502,2023-07-01,AUTO,Zaragoza,online,71.0,431.63,5,3.0
CMP00182,CLI2182,2023-02-01,AUTO,Baleares,online,61.0,327.73,0,1.0
CMP00098,CLI2098,2024-05-11,HOGAR,Girona,agente,53.0,190.99,5,3.0
CMP00508,CLI2508,2024-02-12,AUTO,Asturias,correduria,73.0,386.22,15,1.0
CMP00022,CLI2022,2024-05-21,HOGAR,Zaragoza,telefono,76.0,322.44,5,3.0
CMP00604,CLI2604,2024-11-14,AUTO,Malaga,agente,34.0,420.87,0,2.0
CMP00038,CLI2038,2024-02-19,HOGAR,Malaga,agente,74.0,287.64,15,1.0
CMP00644,CLI2644,2023-10-02,AUTO,Malaga,agente,45.0,427.53,10,3.0
CMP00095,CLI2095,2024-08-04,VIDA,Valencia,telefono,65.0,367.31,0,3.0
CMP00353,CLI2353,2024-05-14,VIDA,Zaragoza,agente,,371.33,0,3.0
CMP00547,CLI2547,2023-01-07,HOGAR,A Coruna,correduria,35.0,251.16,0,2.0
CMP00264,CLI2264,2024-10-01,AUTO,Cantabria,telefono,33.0,309.75,5,2.0
CMP00339,CLI2339,2023-04-10,SALUD,Girona,agente,43.0,910.35,0,1.0
CMP00419,CLI2419,2024-06-14,SALUD,Sevilla,telefono,75.0,993.01,0,5.0
CMP00085,CLI2085,2024-06-12,AUTO,Valencia,correduria,43.0,536.97,0,
CMP00369,CLI2369,2023-09-23,AUTO,Cantabria,correduria,38.0,357.58,10,
CMP00269,CLI2269,2023-01-02,AUTO,Alicante,agente,71.0,398.9,15,2.0
CMP00418,CLI2418,2023-03-24,AUTO,Valencia,online,40.0,479.95,15,4.0
CMP00401,CLI2401,2023-12-04,AUTO,Asturias,online,66.0,567.26,10,1.0
CMP00229,CLI2229,2023-05-31,HOGAR,Girona,agente,55.0,178.8,5,3.0
CMP00033,CLI2033,2024-01-24,HOGAR,Cantabria,correduria,49.0,315.26,5,2.0
CMP00707,CLI2057,2023-05-29,AUTO,Barcelona,correduria,68.0,459.46,5,3.0
CMP00432,CLI2432,2023-11-22,AUTO,Valencia,telefono,23.0,396.93,0,4.0
CMP00215,CLI2215,2023-07-13,AUTO,Malaga,agente,65.0,445.36,5,5.0
CMP00779,CLI2129,2023-11-06,AUTO,Valencia,online,54.0,412.95,5,1.0
CMP00364,CLI2364,2023-12-12,VIDA,Girona,online,46.0,269.47,0,1.0
CMP00359,CLI2359,2024-03-31,VIDA,Madrid,telefono,72.0,321.78,10,4.0
CMP00270,CLI2270,2024-11-06,SALUD,Baleares,online,30.0,762.38,0,1.0
CMP00765,CLI2115,2024-03-24,AUTO,Zaragoza,correduria,69.0,321.93,0,5.0
CMP00069,CLI2069,2024-07-07,VIDA,Zaragoza,correduria,61.0,447.1,0,5.0
CMP00601,CLI2601,2023-06-26,HOGAR,A Coruna,agente,79.0,353.23,0,5.0
CMP00514,CLI2514,2024-04-02,AUTO,Lleida,correduria,73.0,489.13,0,3.0
CMP00019,CLI2019,2023-03-15,AUTO,Malaga,telefono,29.0,444.76,5,3.0
CMP00579,CLI2579,2024-06-19,HOGAR,Malaga,telefono,19.0,319.75,5,
CMP00500,CLI2500,2024-11-17,AUTO,Madrid,agente,49.0,444.52,5,3.0
CMP00188,CLI2188,2024-05-28,HOGAR,Girona,telefono,29.0,277.69,5,1.0
CMP00112,CLI2112,2023-03-14,AUTO,Girona,correduria,18.0,340.46,0,4.0
CMP00307,CLI2307,2024-11-25,SALUD,Vizcaya,agente,60.0,874.96,0,3.0
CMP00478,CLI2478,2023-12-10,HOGAR,Barcelona,correduria,51.0,271.35,5,4.0
CMP00252,CLI2252,2024-10-10,AUTO,Girona,online,36.0,372.7,5,1.0
CMP00334,CLI2334,2023-11-04,HOGAR,Girona,online,47.0,258.5,5,3.0
CMP00529,CLI2529,2023-01-31,HOGAR,Baleares,correduria,19.0,245.35,15,2.0
CMP00043,CLI2043,2024-03-29,HOGAR,Madrid,telefono,43.0,288.99,5,5.0
CMP00784,CLI2134,2024-02-04,AUTO,Baleares,online,39.0,469.15,0,4.0
CMP00066,CLI2066,2023-10-28,SALUD,Cantabria,telefono,21.0,997.05,10,2.0
CMP00161,CLI2161,2023-09-24,AUTO,Cantabria,telefono,51.0,331.4,0,3.0
CMP00724,CLI2074,2023-10-06,AUTO,Zaragoza,agente,57.0,425.61,5,5.0
CMP00799,CLI2149,2023-02-09,SALUD,Madrid,agente,,603.49,20,3.0
CMP00676,CLI2026,2024-03-03,AUTO,Girona,agente,29.0,402.13,0,1.0
CMP00706,CLI2056,2023-07-05,VIDA,Madrid,correduria,71.0,358.32,5,4.0
CMP00391,CLI2391,2023-07-30,SALUD,Sevilla,telefono,78.0,751.66,0,4.0
CMP00526,CLI2526,2023-12-25,AUTO,A Coruna,correduria,76.0,358.48,15,3.0
CMP00139,CLI2139,2024-10-22,AUTO,Asturias,telefono,32.0,539.74,5,1.0
CMP00075,CLI2075,2024-05-31,AUTO,Asturias,online,63.0,477.04,10,1.0
CMP00079,CLI2079,2023-01-09,AUTO,A Coruna,online,66.0,497.03,15,5.0
CMP00534,CLI2534,2023-06-18,HOGAR,Baleares,agente,62.0,340.64,5,5.0
CMP00058,CLI2058,2023-04-28,HOGAR,Asturias,agente,26.0,247.2,5,1.0
CMP00613,CLI2613,2024-04-03,SALUD,Lleida,agente,38.0,838.21,0,2.0
CMP00365,CLI2365,2024-03-27,HOGAR,Valencia,online,61.0,146.65,10,5.0
CMP00288,CLI2288,2024-08-13,HOGAR,Baleares,agente,57.0,264.37,10,1.0
CMP00793,CLI2143,2023-03-25,AUTO,Alicante,telefono,24.0,377.59,15,4.0
CMP00073,CLI2073,2023-03-12,SALUD,Baleares,agente,47.0,828.64,15,3.0
CMP00259,CLI2259,2023-03-21,HOGAR,Alicante,online,40.0,285.0,0,4.0
CMP00311,CLI2311,2023-08-18,AUTO,Tarragona,correduria,50.0,585.49,10,4.0
CMP00671,CLI2021,2023-11-30,AUTO,Valencia,agente,41.0,389.61,10,1.0
CMP00216,CLI2216,2024-10-30,HOGAR,A Coruna,agente,34.0,331.12,0,3.0
CMP00291,CLI2291,2023-01-19,HOGAR,Tarragona,agente,54.0,304.78,5,1.0
CMP00226,CLI2226,2023-08-01,HOGAR,Tarragona,telefono,73.0,251.54,0,2.0
CMP00467,CLI2467,2023-08-06,HOGAR,Malaga,agente,66.0,249.98,5,2.0
CMP00049,CLI2049,2023-08-12,HOGAR,Asturias,agente,78.0,337.45,0,4.0
CMP00152,CLI2152,2024-10-03,AUTO,Girona,agente,53.0,375.24,5,1.0
CMP00649,CLI2649,2023-02-06,VIDA,Zaragoza,correduria,27.0,223.51,5,4.0
CMP00481,CLI2481,2024-02-05,AUTO,Tarragona,telefono,57.0,384.95,0,3.0
CMP00292,CLI2292,2024-10-05,VIDA,Alicante,online,63.0,355.77,10,1.0
CMP00515,CLI2515,2023-06-10,VIDA,Barcelona,correduria,45.0,152.72,10,4.0
CMP00245,CLI2245,2023-02-02,AUTO,Vizcaya,agente,49.0,299.12,5,4.0
CMP00296,CLI2296,2024-08-02,VIDA,A Coruna,correduria,67.0,266.45,0,5.0
CMP00249,CLI2249,2023-10-30,AUTO,Zaragoza,telefono,56.0,387.13,0,4.0
CMP00351,CLI2351,2023-08-05,AUTO,Tarragona,agente,76.0,329.21,20,2.0
CMP00361,CLI2361,2024-11-27,HOGAR,Girona,agente,70.0,242.41,5,1.0
CMP00660,CLI2010,2024-05-05,HOGAR,Malaga,telefono,39.0,298.41,10,1.0
CMP00413,CLI2413,2024-08-26,AUTO,Zaragoza,correduria,70.0,422.49,10,1.0
CMP00463,CLI2463,2023-07-31,AUTO,Lleida,correduria,67.0,419.05,5,2.0
CMP00047,CLI2047,2023-09-24,SALUD,Asturias,correduria,65.0,1132.56,5,5.0
CMP00116,CLI2116,2024-05-15,SALUD,Baleares,correduria,,744.16,15,
CMP00201,CLI2201,2023-08-06,HOGAR,Tarragona,correduria,79.0,153.43,5,
CMP00762,CLI2112,2024-05-17,AUTO,Valencia,correduria,67.0,429.49,0,3.0
CMP00017,CLI2017,2023-02-04,SALUD,Lleida,correduria,79.0,704.74,10,
CMP00624,CLI2624,2024-11-19,HOGAR,Baleares,telefono,68.0,302.87,0,3.0
CMP00324,CLI2324,2024-02-12,HOGAR,Lleida,agente,56.0,169.6,10,5.0
CMP00025,CLI2025,2023-10-09,SALUD,A Coruna,telefono,52.0,743.85,10,4.0
CMP00294,CLI2294,2024-05-30,AUTO,Malaga,correduria,44.0,379.13,0,2.0
CMP00417,CLI2417,2023-04-25,VIDA,Valencia,correduria,42.0,307.11,15,2.0
CMP00623,CLI2623,2023-07-26,AUTO,Madrid,correduria,18.0,457.59,10,
CMP00135,CLI2135,2023-05-05,HOGAR,Lleida,telefono,30.0,176.48,10,3.0
CMP00608,CLI2608,2023-11-21,HOGAR,Sevilla,telefono,49.0,294.78,0,5.0
CMP00775,CLI2125,2023-08-31,AUTO,Asturias,correduria,41.0,499.88,0,5.0
CMP00761,CLI2111,2023-05-12,AUTO,Asturias,online,74.0,515.72,5,4.0
CMP00480,CLI2480,2024-02-19,VIDA,A Coruna,telefono,63.0,266.77,20,2.0
CMP00027,CLI2027,2024-06-23,AUTO,Zaragoza,agente,66.0,546.71,0,4.0
CMP00717,CLI2067,2023-03-01,AUTO,Vizcaya,telefono,75.0,499.92,10,2.0
CMP00438,CLI2438,2024-06-30,AUTO,Malaga,agente,38.0,516.2,10,4.0
CMP00642,CLI2642,2024-02-09,SALUD,Malaga,correduria,30.0,815.12,0,2.0
CMP00028,CLI2028,2023-08-28,HOGAR,Sevilla,telefono,64.0,244.07,10,5.0
CMP00435,CLI2435,2023-10-17,SALUD,Zaragoza,telefono,56.0,611.51,0,4.0
CMP00412,CLI2412,2024-10-31,VIDA,Valencia,online,56.0,351.18,5,5.0
CMP00628,CLI2628,2023-07-23,SALUD,Barcelona,telefono,73.0,660.62,0,5.0
CMP00541,CLI2541,2024-03-04,VIDA,Cantabria,telefono,33.0,323.56,20,2.0
CMP00333,CLI2333,2023-10-20,AUTO,Cantabria,correduria,73.0,291.14,10,2.0
CMP00077,CLI2077,2023-04-23,AUTO,Alicante,correduria,52.0,398.89,5,5.0
CMP00794,CLI2144,2024-02-17,HOGAR,Alicante,online,31.0,263.52,0,1.0
CMP00390,CLI2390,2024-05-31,AUTO,Baleares,correduria,68.0,355.14,5,5.0
CMP00257,CLI2257,2024-03-11,AUTO,Baleares,online,23.0,360.33,0,4.0
