anio,mes,producto,num_polizas,primas_emitidas
2021,1,AUTO,52,22608.03
2021,2,AUTO,46,18287.48
2021,3,AUTO,52,22122.02
2021,4,AUTO,54,23579.1
2021,5,AUTO,58,24820.93
2021,6,AUTO,61,25937.04
2021,7,AUTO,64,24653.12
2021,8,AUTO,47,20292.0
2021,9,AUTO,59,25143.22
2021,10,AUTO,55,22604.73
2021,11,AUTO,58,22800.74
2021,12,AUTO,66,26818.24
2022,1,AUTO,56,22784.38
2022,2,AUTO,56,25028.8
2022,3,AUTO,59,26220.59
2022,4,AUTO,53,22502.73
2022,5,AUTO,57,23748.08
2022,6,AUTO,63,28123.58
2022,7,AUTO,67,28127.31
2022,8,AUTO,48,21446.83
2022,9,AUTO,62,26329.06
2022,10,AUTO,64,27169.48
2022,11,AUTO,64,26225.1
2022,12,AUTO,63,25366.13
2023,1,AUTO,59,24436.41
2023,2,AUTO,59,25655.63
2023,3,AUTO,65,27407.06
2023,4,AUTO,69,28121.52
2023,5,AUTO,66,27239.41
2023,6,AUTO,71,29445.57
2023,7,AUTO,66,27255.09
2023,8,AUTO,51,20938.92
2023,9,AUTO,67,28405.3
2023,10,AUTO,68,27419.7
2023,11,AUTO,61,26795.46
2023,12,AUTO,72,31014.58
2024,1,AUTO,64,26217.96
2024,2,AUTO,59,24906.68
2024,3,AUTO,69,28549.57
2024,4,AUTO,70,29023.64
2024,5,AUTO,74,30633.42
2024,6,AUTO,71,28634.15
2024,7,AUTO,76,32035.68
2024,8,AUTO,57,23517.63
2024,9,AUTO,73,29361.76
2024,10,AUTO,74,31569.54
2024,11,AUTO,64,26671.5
2024,12,AUTO,74,29715.82
2021,1,HOGAR,36,9583.72
2021,2,HOGAR,31,8447.19
2021,3,HOGAR,36,9536.66
2021,4,HOGAR,39,9766.84
2021,5,HOGAR,37,9634.41
2021,6,HOGAR,40,10188.23
2021,7,HOGAR,43,11346.65
2021,8,HOGAR,30,7981.07
2021,9,HOGAR,40,9734.71
2021,10,HOGAR,39,10195.48
2021,11,HOGAR,37,9639.03
2021,12,HOGAR,45,11629.45
2022,1,HOGAR,38,9892.84
2022,2,HOGAR,37,9619.88
2022,3,HOGAR,42,10815.62
2022,4,HOGAR,43,10942.22
2022,5,HOGAR,43,12084.95
2022,6,HOGAR,46,11696.38
2022,7,HOGAR,49,12663.56
2022,8,HOGAR,34,8873.0
2022,9,HOGAR,46,12244.77
2022,10,HOGAR,41,10319.16
2022,11,HOGAR,42,10937.35
2022,12,HOGAR,48,13288.55
2023,1,HOGAR,42,11120.85
2023,2,HOGAR,41,10749.32
2023,3,HOGAR,46,11211.89
2023,4,HOGAR,44,11172.38
2023,5,HOGAR,42,11367.61
2023,6,HOGAR,50,12994.15
2023,7,HOGAR,51,13230.24
2023,8,HOGAR,35,9281.34
2023,9,HOGAR,48,11834.25
2023,10,HOGAR,46,11974.63
2023,11,HOGAR,45,11792.83
2023,12,HOGAR,55,14549.27
2024,1,HOGAR,47,11651.07
2024,2,HOGAR,44,11763.63
2024,3,HOGAR,52,13643.49
2024,4,HOGAR,47,11755.5
2024,5,HOGAR,48,12599.56
2024,6,HOGAR,51,13065.09
2024,7,HOGAR,54,14184.48
2024,8,HOGAR,40,10315.82
2024,9,HOGAR,52,13379.8
2024,10,HOGAR,44,11345.66
2024,11,HOGAR,51,13620.0
2024,12,HOGAR,66,18072.26
2021,1,VIDA,17,5034.25
2021,2,VIDA,17,5125.74
2021,3,VIDA,18,5566.5
2021,4,VIDA,17,5092.22
2021,5,VIDA,17,5266.4
2021,6,VIDA,19,5987.61
2021,7,VIDA,22,7141.25
2021,8,VIDA,16,4917.27
2021,9,VIDA,19,5766.47
2021,10,VIDA,20,6093.38
2021,11,VIDA,20,6279.46
2021,12,VIDA,21,6541.04
2022,1,VIDA,17,5152.05
2022,2,VIDA,16,4854.99
2022,3,VIDA,18,5460.58
2022,4,VIDA,19,5909.91
2022,5,VIDA,19,5865.01
2022,6,VIDA,22,6596.5
2022,7,VIDA,22,6923.43
2022,8,VIDA,16,4921.68
2022,9,VIDA,21,6700.67
2022,10,VIDA,20,6449.57
2022,11,VIDA,19,5853.21
2022,12,VIDA,24,7104.46
2023,1,VIDA,17,5342.13
2023,2,VIDA,16,4967.4
2023,3,VIDA,20,6340.26
2023,4,VIDA,19,5530.39
2023,5,VIDA,22,7057.89
2023,6,VIDA,24,7301.86
2023,7,VIDA,22,6534.85
2023,8,VIDA,18,5761.75
2023,9,VIDA,21,6514.83
2023,10,VIDA,20,6228.3
2023,11,VIDA,20,6347.83
2023,12,VIDA,23,6579.27
2024,1,VIDA,17,5431.7
2024,2,VIDA,18,5190.25
2024,3,VIDA,23,7000.3
2024,4,VIDA,19,6106.57
2024,5,VIDA,22,6753.33
2024,6,VIDA,22,7051.56
2024,7,VIDA,22,6684.86
2024,8,VIDA,17,5574.52
2024,9,VIDA,22,6780.08
2024,10,VIDA,23,7333.12
2024,11,VIDA,20,6219.08
2024,12,VIDA,24,7191.99
2021,1,SALUD,11,8513.91
2021,2,SALUD,11,8719.43
2021,3,SALUD,13,10508.05
2021,4,SALUD,12,8925.12
2021,5,SALUD,14,10023.5
2021,6,SALUD,14,11358.78
2021,7,SALUD,15,11832.1
2021,8,SALUD,10,7730.73
2021,9,SALUD,13,10330.9
2021,10,SALUD,13,10192.32
2021,11,SALUD,12,9113.99
2021,12,SALUD,14,11241.56
2022,1,SALUD,13,9762.56
2022,2,SALUD,12,9574.2
2022,3,SALUD,14,10833.71
2022,4,SALUD,15,11614.84
2022,5,SALUD,15,12072.69
2022,6,SALUD,17,12896.89
2022,7,SALUD,15,11787.91
2022,8,SALUD,11,8784.47
2022,9,SALUD,15,11376.96
2022,10,SALUD,16,12640.17
2022,11,SALUD,13,10370.2
2022,12,SALUD,16,12416.65
2023,1,SALUD,15,11728.03
2023,2,SALUD,12,9421.91
2023,3,SALUD,16,12839.76
2023,4,SALUD,16,12462.25
2023,5,SALUD,19,14740.34
2023,6,SALUD,17,13629.9
2023,7,SALUD,18,13576.64
2023,8,SALUD,14,10822.57
2023,9,SALUD,19,14320.8
2023,10,SALUD,17,12842.03
2023,11,SALUD,16,12793.8
2023,12,SALUD,19,14777.64
2024,1,SALUD,19,14393.63
2024,2,SALUD,17,13876.74
2024,3,SALUD,17,13393.99
2024,4,SALUD,18,13454.89
2024,5,SALUD,20,15971.3
2024,6,SALUD,20,16099.73
2024,7,SALUD,21,16902.58
2024,8,SALUD,15,11608.24
2024,9,SALUD,19,15469.86
2024,10,SALUD,19,14221.32
2024,11,SALUD,20,15987.24
2024,12,SALUD,22,17004.45
