siniestro_id,poliza_id,producto,provincia,fecha_siniestro,tipo_siniestro,importe_pagado,estado
SIN500001,POL100007,AUTO,Sevilla,2023-07-12,incendio,2096.22,cerrado
SIN500002,POL100011,SALUD,Madrid,2023-10-15,cirugia,4521.37,cerrado
SIN500003,POL100012,HOGAR,Cantabria,2024-04-07,averia_electrodomesticos,277.35,cerrado
SIN500004,POL100016,AUTO,Tarragona,2025-06-13,asistencia_en_carretera,301.69,abierto
SIN500005,POL100016,AUTO,Tarragona,2025-04-14,asistencia_en_carretera,131.7,abierto
SIN500006,POL100018,AUTO,Zaragoza,2026-01-28,colision,2074.02,cerrado
SIN500007,POL100018,AUTO,Zaragoza,2024-09-04,incendio,6614.84,cerrado
SIN500008,POL100021,AUTO,Malaga,2024-10-02,rotura_lunas,208.33,abierto
SIN500009,POL100024,AUTO,A Coruna,2023-05-15,rotura_lunas,223.79,cerrado
SIN500010,POL100025,AUTO,Barcelona,2026-08-19,rotura_lunas,140.61,cerrado
SIN500011,POL100028,AUTO,Alicante,2023-04-16,incendio,8584.86,cerrado
SIN500012,POL100034,AUTO,Vizcaya,2024-01-10,colision,740.92,cerrado
SIN500013,POL100034,AUTO,Vizcaya,2025-07-22,incendio,2934.68,cerrado
SIN500014,POL100037,AUTO,Lleida,2022-01-23,incendio,5530.04,abierto
SIN500015,POL100042,AUTO,Lleida,2026-07-22,robo,2462.8,cerrado
SIN500016,POL100042,AUTO,Lleida,2024-02-28,asistencia_en_carretera,130.09,cerrado
SIN500017,POL100045,HOGAR,Zaragoza,2026-04-15,robo,1715.24,cerrado
SIN500018,POL100047,AUTO,Cantabria,2026-09-07,asistencia_en_carretera,70.79,cerrado
SIN500019,POL100049,HOGAR,Madrid,2025-10-06,averia_electrodomesticos,438.44,cerrado
SIN500020,POL100050,HOGAR,Barcelona,2023-11-21,averia_electrodomesticos,123.86,cerrado
SIN500021,POL100057,AUTO,Cantabria,2022-12-31,incendio,5465.71,cerrado
SIN500022,POL100064,SALUD,Cantabria,2025-07-31,consulta_especialista,218.62,cerrado
SIN500023,POL100068,HOGAR,Valencia,2023-10-07,averia_electrodomesticos,118.9,cerrado
SIN500024,POL100071,AUTO,Lleida,2023-04-26,incendio,2314.13,cerrado
SIN500025,POL100072,VIDA,A Coruna,2025-11-12,invalidez,38101.87,cerrado
SIN500026,POL100073,SALUD,Asturias,2025-04-15,hospitalizacion,6051.31,cerrado
SIN500027,POL100078,AUTO,Baleares,2024-01-25,colision,3410.58,cerrado
SIN500028,POL100081,HOGAR,Lleida,2025-08-10,averia_electrodomesticos,353.43,cerrado
SIN500029,POL100087,HOGAR,Asturias,2024-02-26,danos_por_agua,743.96,cerrado
SIN500030,POL100091,AUTO,Valencia,2024-03-03,robo,1026.03,abierto
SIN500031,POL100092,SALUD,A Coruna,2022-07-10,hospitalizacion,778.85,cerrado
SIN500032,POL100099,HOGAR,Zaragoza,2025-06-19,averia_electrodomesticos,74.68,cerrado
SIN500033,POL100099,HOGAR,Zaragoza,2023-10-23,averia_electrodomesticos,157.71,abierto
SIN500034,POL100102,HOGAR,Asturias,2024-09-11,incendio,3104.58,cerrado
SIN500035,POL100103,AUTO,Cantabria,2027-05-10,incendio,1409.68,cerrado
SIN500036,POL100105,AUTO,Alicante,2024-02-27,robo,565.96,cerrado
SIN500037,POL100110,HOGAR,Madrid,2024-11-20,danos_por_agua,725.22,cerrado
SIN500038,POL100110,HOGAR,Madrid,2025-02-16,danos_por_agua,2386.54,cerrado
SIN500039,POL100112,HOGAR,Valencia,2024-06-08,averia_electrodomesticos,161.67,abierto
SIN500040,POL100112,HOGAR,Valencia,2023-11-14,incendio,5224.7,cerrado
SIN500041,POL100115,AUTO,Tarragona,2022-02-16,colision,807.75,abierto
SIN500042,POL100118,AUTO,Zaragoza,2026-05-02,colision,1540.09,cerrado
SIN500043,POL100119,HOGAR,Cantabria,2024-11-05,incendio,5437.34,abierto
SIN500044,POL100120,HOGAR,Vizcaya,2023-07-15,robo,1072.35,abierto
SIN500045,POL100122,AUTO,A Coruna,2026-10-08,rotura_lunas,136.74,cerrado
SIN500046,POL100123,AUTO,A Coruna,2026-08-18,incendio,9392.17,cerrado
SIN500047,POL100125,AUTO,Tarragona,2024-09-14,rotura_lunas,253.52,cerrado
SIN500048,POL100125,AUTO,Tarragona,2025-05-01,rotura_lunas,159.06,cerrado
SIN500049,POL100131,HOGAR,Lleida,2026-01-01,robo,1579.41,cerrado
SIN500050,POL100131,HOGAR,Lleida,2025-04-18,averia_electrodomesticos,515.67,abierto
SIN500051,POL100135,HOGAR,Malaga,2025-08-08,robo,203.59,cerrado
SIN500052,POL100138,AUTO,Lleida,2025-04-04,robo,1822.73,cerrado
SIN500053,POL100138,AUTO,Lleida,2025-07-09,asistencia_en_carretera,157.78,cerrado
SIN500054,POL100138,AUTO,Lleida,2023-01-24,rotura_lunas,101.09,cerrado
SIN500055,POL100141,AUTO,Madrid,2026-11-11,incendio,1014.56,cerrado
SIN500056,POL100143,AUTO,Malaga,2025-08-21,asistencia_en_carretera,50.0,cerrado
SIN500057,POL100144,SALUD,Asturias,2026-10-06,hospitalizacion,2325.58,cerrado
SIN500058,POL100145,AUTO,Sevilla,2023-10-28,colision,1446.25,abierto
SIN500059,POL100146,AUTO,Madrid,2027-01-22,asistencia_en_carretera,87.32,cerrado
SIN500060,POL100149,AUTO,Cantabria,2024-01-15,asistencia_en_carretera,65.66,cerrado
SIN500061,POL100150,SALUD,Sevilla,2023-02-05,cirugia,10668.84,cerrado
SIN500062,POL100151,AUTO,Alicante,2023-06-25,incendio,2418.68,cerrado
SIN500063,POL100153,AUTO,Alicante,2025-02-07,colision,3900.0,cerrado
SIN500064,POL100153,AUTO,Alicante,2024-04-25,colision,1006.75,cerrado
SIN500065,POL100154,HOGAR,Barcelona,2022-09-10,incendio,2387.92,cerrado
SIN500066,POL100155,AUTO,Barcelona,2026-02-27,asistencia_en_carretera,158.88,cerrado
SIN500067,POL100157,AUTO,Malaga,2025-11-10,robo,1049.49,cerrado
SIN500068,POL100162,AUTO,Madrid,2025-02-15,robo,574.29,cerrado
SIN500069,POL100162,AUTO,Madrid,2025-02-23,robo,1251.74,abierto
SIN500070,POL100162,AUTO,Madrid,2024-11-18,asistencia_en_carretera,88.43,abierto
SIN500071,POL100164,AUTO,Baleares,2025-02-16,rotura_lunas,249.57,cerrado
SIN500072,POL100165,AUTO,Asturias,2023-10-05,robo,1115.4,cerrado
SIN500073,POL100170,AUTO,Valencia,2022-08-13,robo,353.01,abierto
SIN500074,POL100170,AUTO,Valencia,2021-09-21,asistencia_en_carretera,103.08,cerrado
SIN500075,POL100172,HOGAR,Vizcaya,2025-08-22,robo,898.16,cerrado
SIN500076,POL100177,AUTO,Valencia,2025-11-03,asistencia_en_carretera,77.03,abierto
SIN500077,POL100180,HOGAR,Baleares,2023-05-10,danos_por_agua,1925.22,cerrado
SIN500078,POL100183,SALUD,A Coruna,2027-05-23,consulta_especialista,126.68,abierto
SIN500079,POL100186,HOGAR,Zaragoza,2022-05-01,incendio,4301.4,abierto
SIN500080,POL100189,AUTO,A Coruna,2027-01-12,asistencia_en_carretera,143.19,cerrado
SIN500081,POL100189,AUTO,A Coruna,2025-05-13,colision,1247.26,cerrado
SIN500082,POL100189,AUTO,A Coruna,2026-02-22,incendio,4989.31,cerrado
SIN500083,POL100192,HOGAR,A Coruna,2024-01-07,danos_por_agua,587.2,cerrado
SIN500084,POL100192,HOGAR,A Coruna,2023-09-01,robo,673.17,cerrado
SIN500085,POL100197,AUTO,Madrid,2025-10-09,asistencia_en_carretera,163.71,cerrado
SIN500086,POL100198,AUTO,Sevilla,2023-05-09,colision,314.6,abierto
SIN500087,POL100199,AUTO,Malaga,2021-11-14,robo,455.83,cerrado
SIN500088,POL100205,VIDA,Baleares,2021-12-10,fallecimiento,23614.16,cerrado
SIN500089,POL100206,AUTO,Sevilla,2025-10-19,incendio,6468.63,cerrado
SIN500090,POL100206,AUTO,Sevilla,2023-04-21,asistencia_en_carretera,111.89,abierto
SIN500091,POL100207,AUTO,Malaga,2023-11-23,incendio,2843.81,cerrado
SIN500092,POL100207,AUTO,Malaga,2023-09-18,rotura_lunas,299.92,cerrado
SIN500093,POL100210,AUTO,Barcelona,2022-03-23,incendio,5199.86,abierto
SIN500094,POL100212,AUTO,Alicante,2024-08-05,colision,1712.47,abierto
SIN500095,POL100212,AUTO,Alicante,2022-11-29,rotura_lunas,309.75,cerrado
SIN500096,POL100216,AUTO,Vizcaya,2023-08-11,incendio,4253.24,abierto
SIN500097,POL100217,SALUD,Malaga,2023-01-15,consulta_especialista,65.51,cerrado
SIN500098,POL100217,SALUD,Malaga,2023-10-10,consulta_especialista,50.0,cerrado
SIN500099,POL100218,HOGAR,Zaragoza,2023-06-24,averia_electrodomesticos,298.99,abierto
SIN500100,POL100219,AUTO,Zaragoza,2022-08-07,rotura_lunas,270.42,abierto
SIN500101,POL100224,AUTO,A Coruna,2025-07-12,robo,1744.76,abierto
SIN500102,POL100224,AUTO,A Coruna,2024-05-05,asistencia_en_carretera,162.61,cerrado
SIN500103,POL100225,AUTO,Cantabria,2021-11-25,incendio,8541.92,cerrado
SIN500104,POL100225,AUTO,Cantabria,2022-10-14,robo,324.9,abierto
SIN500105,POL100226,HOGAR,Barcelona,2027-01-02,averia_electrodomesticos,194.68,cerrado
SIN500106,POL100226,HOGAR,Barcelona,2026-03-09,averia_electrodomesticos,692.82,cerrado
SIN500107,POL100227,SALUD,Girona,2023-12-25,consulta_especialista,50.0,abierto
SIN500108,POL100230,AUTO,Tarragona,2023-02-12,asistencia_en_carretera,128.59,cerrado
SIN500109,POL100231,AUTO,Vizcaya,2024-09-28,rotura_lunas,288.84,cerrado
SIN500110,POL100231,AUTO,Vizcaya,2025-04-25,colision,3157.11,cerrado
SIN500111,POL100238,AUTO,Barcelona,2026-02-15,robo,1111.18,cerrado
SIN500112,POL100241,SALUD,Malaga,2023-10-01,cirugia,1981.96,cerrado
SIN500113,POL100245,AUTO,Vizcaya,2023-11-19,asistencia_en_carretera,80.85,abierto
SIN500114,POL100246,HOGAR,Tarragona,2023-10-10,incendio,3453.66,cerrado
SIN500115,POL100247,AUTO,Barcelona,2024-04-19,asistencia_en_carretera,109.32,cerrado
SIN500116,POL100250,SALUD,Malaga,2022-02-06,cirugia,5847.62,cerrado
SIN500117,POL100258,SALUD,Tarragona,2024-01-16,consulta_especialista,239.45,cerrado
SIN500118,POL100261,HOGAR,Tarragona,2022-06-28,averia_electrodomesticos,50.0,abierto
SIN500119,POL100261,HOGAR,Tarragona,2024-09-14,incendio,4332.86,abierto
SIN500120,POL100262,AUTO,Baleares,2023-07-08,robo,328.53,abierto
SIN500121,POL100267,AUTO,Vizcaya,2025-05-21,rotura_lunas,153.51,cerrado
SIN500122,POL100270,AUTO,Cantabria,2023-04-12,colision,676.89,cerrado
SIN500123,POL100274,AUTO,Girona,2024-03-22,rotura_lunas,324.25,cerrado
SIN500124,POL100276,AUTO,Barcelona,2025-06-23,robo,467.32,cerrado
SIN500125,POL100279,AUTO,A Coruna,2025-12-28,colision,927.1,cerrado
SIN500126,POL100286,HOGAR,Girona,2024-04-30,incendio,6439.04,cerrado
SIN500127,POL100286,HOGAR,Girona,2024-12-03,averia_electrodomesticos,97.02,cerrado
SIN500128,POL100290,AUTO,Zaragoza,2022-01-03,asistencia_en_carretera,111.11,cerrado
SIN500129,POL100294,HOGAR,Vizcaya,2022-12-19,robo,558.74,abierto
SIN500130,POL100297,AUTO,Zaragoza,2024-07-27,colision,2258.78,cerrado
SIN500131,POL100297,AUTO,Zaragoza,2026-10-30,colision,883.61,cerrado
SIN500132,POL100303,HOGAR,Sevilla,2026-03-05,incendio,4607.51,cerrado
SIN500133,POL100304,AUTO,Sevilla,2024-10-03,robo,306.25,cerrado
SIN500134,POL100305,AUTO,Tarragona,2026-10-11,asistencia_en_carretera,301.48,cerrado
SIN500135,POL100309,AUTO,Girona,2027-05-14,robo,982.54,cerrado
SIN500136,POL100310,AUTO,A Coruna,2023-09-07,asistencia_en_carretera,346.56,cerrado
SIN500137,POL100310,AUTO,A Coruna,2022-07-01,robo,522.1,abierto
SIN500138,POL100317,HOGAR,Malaga,2024-04-02,averia_electrodomesticos,235.62,abierto
SIN500139,POL100326,AUTO,Valencia,2025-07-08,incendio,7781.29,cerrado
SIN500140,POL100327,HOGAR,Lleida,2024-06-27,robo,441.15,cerrado
SIN500141,POL100330,AUTO,Cantabria,2023-09-17,rotura_lunas,273.13,cerrado
SIN500142,POL100335,AUTO,Valencia,2024-08-17,colision,2158.14,cerrado
SIN500143,POL100335,AUTO,Valencia,2024-01-05,asistencia_en_carretera,764.28,cerrado
SIN500144,POL100337,HOGAR,Vizcaya,2025-09-02,robo,186.54,abierto
SIN500145,POL100339,SALUD,Girona,2022-01-19,hospitalizacion,6384.52,cerrado
SIN500146,POL100339,SALUD,Girona,2022-04-25,consulta_especialista,50.0,cerrado
SIN500147,POL100343,HOGAR,Zaragoza,2022-11-29,averia_electrodomesticos,190.91,cerrado
SIN500148,POL100348,AUTO,Barcelona,2024-04-16,asistencia_en_carretera,79.62,abierto
SIN500149,POL100348,AUTO,Barcelona,2024-09-30,colision,822.93,cerrado
SIN500150,POL100350,AUTO,Asturias,2026-05-20,robo,567.92,abierto
SIN500151,POL100350,AUTO,Asturias,2026-03-28,robo,1532.28,cerrado
SIN500152,POL100358,AUTO,Vizcaya,2025-02-01,asistencia_en_carretera,568.56,cerrado
SIN500153,POL100360,HOGAR,Barcelona,2022-06-06,averia_electrodomesticos,73.98,cerrado
SIN500154,POL100364,SALUD,Asturias,2023-04-24,cirugia,3528.14,cerrado
SIN500155,POL100365,AUTO,Madrid,2023-10-10,incendio,3014.49,cerrado
SIN500156,POL100375,AUTO,Girona,2024-03-04,rotura_lunas,328.6,cerrado
SIN500157,POL100377,AUTO,Baleares,2025-05-17,robo,450.06,cerrado
SIN500158,POL100378,AUTO,Alicante,2027-02-05,colision,1451.12,cerrado
SIN500159,POL100378,AUTO,Alicante,2027-06-25,rotura_lunas,231.5,cerrado
SIN500160,POL100381,HOGAR,Lleida,2024-10-22,robo,2670.69,cerrado
SIN500161,POL100385,AUTO,Barcelona,2022-05-19,asistencia_en_carretera,251.09,cerrado
SIN500162,POL100386,AUTO,Barcelona,2026-11-17,robo,133.6,abierto
SIN500163,POL100386,AUTO,Barcelona,2026-01-23,colision,401.76,cerrado
SIN500164,POL100387,SALUD,Lleida,2023-07-11,consulta_especialista,194.13,cerrado
SIN500165,POL100388,HOGAR,Lleida,2022-07-27,averia_electrodomesticos,498.11,cerrado
SIN500166,POL100389,AUTO,Cantabria,2026-02-01,rotura_lunas,232.03,cerrado
SIN500167,POL100389,AUTO,Cantabria,2025-12-04,colision,2231.37,cerrado
SIN500168,POL100396,AUTO,Girona,2023-08-31,rotura_lunas,126.38,cerrado
SIN500169,POL100401,AUTO,Madrid,2025-12-28,colision,1530.22,cerrado
SIN500170,POL100403,AUTO,Baleares,2026-11-19,asistencia_en_carretera,55.88,cerrado
SIN500171,POL100413,HOGAR,Zaragoza,2023-06-15,danos_por_agua,465.29,cerrado
SIN500172,POL100414,AUTO,Barcelona,2025-03-24,rotura_lunas,148.73,cerrado
SIN500173,POL100422,HOGAR,Zaragoza,2025-04-04,averia_electrodomesticos,50.0,cerrado
SIN500174,POL100427,AUTO,Zaragoza,2026-03-30,robo,1591.21,cerrado
SIN500175,POL100427,AUTO,Zaragoza,2025-01-01,colision,4456.65,abierto
SIN500176,POL100428,SALUD,Asturias,2023-02-12,cirugia,8129.41,cerrado
SIN500177,POL100431,AUTO,Lleida,2023-11-29,incendio,4064.65,cerrado
SIN500178,POL100431,AUTO,Lleida,2022-09-06,asistencia_en_carretera,185.6,cerrado
SIN500179,POL100433,SALUD,Valencia,2022-10-07,consulta_especialista,57.22,cerrado
SIN500180,POL100437,AUTO,Zaragoza,2023-04-21,colision,1879.04,cerrado
SIN500181,POL100443,HOGAR,Alicante,2023-07-22,incendio,4217.32,cerrado
SIN500182,POL100450,SALUD,Madrid,2022-12-01,cirugia,6060.75,cerrado
SIN500183,POL100460,VIDA,Madrid,2027-01-07,fallecimiento,28990.7,cerrado
SIN500184,POL100461,HOGAR,Alicante,2025-11-05,averia_electrodomesticos,283.95,abierto
SIN500185,POL100464,AUTO,Madrid,2022-01-20,asistencia_en_carretera,82.5,abierto
SIN500186,POL100465,AUTO,Asturias,2023-09-22,colision,1144.86,abierto
SIN500187,POL100465,AUTO,Asturias,2021-11-27,robo,560.24,cerrado
SIN500188,POL100466,AUTO,Valencia,2025-10-29,colision,1036.54,cerrado
SIN500189,POL100470,AUTO,Sevilla,2024-05-26,colision,787.62,abierto
SIN500190,POL100472,AUTO,A Coruna,2024-08-26,colision,692.87,cerrado
SIN500191,POL100474,AUTO,Asturias,2027-07-26,incendio,13610.6,cerrado
SIN500192,POL100478,AUTO,Cantabria,2024-06-05,colision,3508.33,abierto
SIN500193,POL100481,AUTO,Zaragoza,2024-11-12,colision,501.99,abierto
SIN500194,POL100484,AUTO,Baleares,2026-02-16,asistencia_en_carretera,121.44,cerrado
SIN500195,POL100484,AUTO,Baleares,2023-08-19,colision,4201.8,cerrado
SIN500196,POL100484,AUTO,Baleares,2023-05-13,asistencia_en_carretera,104.66,cerrado
SIN500197,POL100487,HOGAR,Madrid,2023-03-09,danos_por_agua,460.59,cerrado
SIN500198,POL100493,HOGAR,Girona,2025-03-03,robo,1721.33,cerrado
SIN500199,POL100510,AUTO,Asturias,2025-07-31,asistencia_en_carretera,56.14,cerrado
SIN500200,POL100512,SALUD,Alicante,2025-11-01,hospitalizacion,6377.24,abierto
SIN500201,POL100513,AUTO,Alicante,2026-09-26,incendio,4009.58,cerrado
SIN500202,POL100513,AUTO,Alicante,2024-12-22,incendio,865.91,cerrado
SIN500203,POL100513,AUTO,Alicante,2027-09-02,colision,772.51,cerrado
SIN500204,POL100513,AUTO,Alicante,2027-03-10,rotura_lunas,389.29,cerrado
SIN500205,POL100515,SALUD,A Coruna,2024-10-14,cirugia,8590.31,cerrado
SIN500206,POL100520,HOGAR,Barcelona,2022-12-10,averia_electrodomesticos,702.95,cerrado
SIN500207,POL100521,SALUD,Madrid,2021-08-13,consulta_especialista,87.52,cerrado
SIN500208,POL100522,SALUD,Barcelona,2025-04-13,cirugia,7192.49,cerrado
SIN500209,POL100523,HOGAR,Girona,2027-04-25,incendio,3546.86,cerrado
SIN500210,POL100525,HOGAR,Barcelona,2024-12-18,danos_por_agua,3866.56,cerrado
SIN500211,POL100526,SALUD,Lleida,2023-09-18,cirugia,184.95,cerrado
SIN500212,POL100527,SALUD,Vizcaya,2025-06-20,hospitalizacion,1678.52,cerrado
SIN500213,POL100528,AUTO,Tarragona,2023-10-27,colision,1188.82,cerrado
SIN500214,POL100529,SALUD,Alicante,2025-09-22,hospitalizacion,5508.54,cerrado
SIN500215,POL100533,SALUD,Cantabria,2025-05-10,consulta_especialista,245.33,cerrado
SIN500216,POL100535,AUTO,Malaga,2022-02-11,incendio,14979.98,cerrado
SIN500217,POL100537,AUTO,Vizcaya,2027-04-20,incendio,5187.73,cerrado
SIN500218,POL100547,AUTO,Barcelona,2026-06-03,incendio,10097.92,abierto
SIN500219,POL100552,AUTO,Malaga,2025-05-01,rotura_lunas,75.91,cerrado
SIN500220,POL100558,HOGAR,Cantabria,2024-08-20,robo,1338.45,cerrado
SIN500221,POL100558,HOGAR,Cantabria,2022-10-08,robo,473.05,abierto
SIN500222,POL100559,HOGAR,A Coruna,2025-02-01,robo,287.06,cerrado
SIN500223,POL100559,HOGAR,A Coruna,2024-06-24,incendio,16087.6,cerrado
SIN500224,POL100559,HOGAR,A Coruna,2026-02-26,danos_por_agua,1010.23,abierto
SIN500225,POL100561,AUTO,Asturias,2022-06-27,incendio,2241.49,abierto
SIN500226,POL100565,HOGAR,Alicante,2023-05-28,danos_por_agua,380.65,cerrado
SIN500227,POL100566,SALUD,Zaragoza,2022-06-30,hospitalizacion,6518.9,cerrado
SIN500228,POL100568,HOGAR,A Coruna,2023-03-19,robo,877.06,abierto
SIN500229,POL100569,SALUD,Baleares,2023-06-06,cirugia,10734.89,cerrado
SIN500230,POL100571,SALUD,Girona,2026-08-07,consulta_especialista,83.25,cerrado
SIN500231,POL100571,SALUD,Girona,2026-03-11,hospitalizacion,2672.76,cerrado
SIN500232,POL100572,HOGAR,Malaga,2027-01-26,incendio,718.58,abierto
SIN500233,POL100572,HOGAR,Malaga,2025-07-30,robo,433.84,cerrado
SIN500234,POL100578,AUTO,Madrid,2027-01-05,robo,1345.55,abierto
SIN500235,POL100578,AUTO,Madrid,2024-06-27,rotura_lunas,325.94,cerrado
SIN500236,POL100579,HOGAR,Madrid,2023-11-21,robo,557.76,abierto
SIN500237,POL100582,AUTO,Cantabria,2023-07-29,rotura_lunas,95.97,abierto
SIN500238,POL100582,AUTO,Cantabria,2022-12-21,rotura_lunas,578.8,cerrado
SIN500239,POL100582,AUTO,Cantabria,2025-06-27,asistencia_en_carretera,278.63,abierto
SIN500240,POL100582,AUTO,Cantabria,2023-05-11,rotura_lunas,52.64,cerrado
SIN500241,POL100584,AUTO,Madrid,2023-11-19,asistencia_en_carretera,106.13,cerrado
SIN500242,POL100584,AUTO,Madrid,2025-06-19,asistencia_en_carretera,382.78,cerrado
SIN500243,POL100584,AUTO,Madrid,2022-10-27,incendio,9301.95,cerrado
SIN500244,POL100584,AUTO,Madrid,2024-09-18,colision,1374.28,abierto
SIN500245,POL100588,AUTO,Lleida,2022-03-31,robo,667.35,cerrado
SIN500246,POL100591,HOGAR,A Coruna,2022-07-15,incendio,5556.89,cerrado
SIN500247,POL100592,SALUD,Valencia,2021-06-30,cirugia,3380.71,cerrado
SIN500248,POL100598,SALUD,Barcelona,2022-05-30,consulta_especialista,50.0,abierto
SIN500249,POL100603,AUTO,Malaga,2025-03-08,incendio,7797.41,cerrado
SIN500250,POL100604,VIDA,Tarragona,2026-10-12,invalidez,18480.65,cerrado
SIN500251,POL100605,HOGAR,Barcelona,2023-03-05,robo,900.27,cerrado
SIN500252,POL100613,HOGAR,Zaragoza,2024-02-22,incendio,7446.29,cerrado
SIN500253,POL100615,HOGAR,Vizcaya,2024-04-28,danos_por_agua,1099.31,abierto
SIN500254,POL100616,HOGAR,Barcelona,2021-08-18,robo,240.9,cerrado
SIN500255,POL100620,HOGAR,Barcelona,2026-07-21,incendio,1347.28,cerrado
SIN500256,POL100623,AUTO,Zaragoza,2025-03-20,asistencia_en_carretera,170.96,cerrado
SIN500257,POL100635,SALUD,Madrid,2026-05-24,hospitalizacion,1057.53,cerrado
SIN500258,POL100637,HOGAR,Asturias,2024-10-05,averia_electrodomesticos,173.12,abierto
SIN500259,POL100641,AUTO,Baleares,2024-05-16,robo,1759.71,cerrado
SIN500260,POL100642,AUTO,Alicante,2026-03-26,incendio,4708.73,cerrado
SIN500261,POL100644,AUTO,Alicante,2023-11-02,incendio,8927.54,cerrado
SIN500262,POL100645,HOGAR,Zaragoza,2023-08-12,incendio,1842.47,cerrado
SIN500263,POL100646,SALUD,Cantabria,2022-03-16,cirugia,6668.36,cerrado
SIN500264,POL100647,AUTO,Vizcaya,2024-12-15,rotura_lunas,219.18,cerrado
SIN500265,POL100651,SALUD,Vizcaya,2023-04-11,cirugia,12764.44,cerrado
SIN500266,POL100654,SALUD,Zaragoza,2025-03-31,hospitalizacion,454.48,cerrado
SIN500267,POL100655,AUTO,Zaragoza,2022-08-28,incendio,7587.25,cerrado
SIN500268,POL100657,SALUD,Barcelona,2026-06-26,consulta_especialista,54.47,cerrado
SIN500269,POL100658,SALUD,Sevilla,2023-09-29,consulta_especialista,57.32,cerrado
SIN500270,POL100658,SALUD,Sevilla,2023-11-09,cirugia,8709.8,cerrado
SIN500271,POL100665,AUTO,Zaragoza,2024-07-16,asistencia_en_carretera,95.97,cerrado
SIN500272,POL100666,AUTO,Zaragoza,2024-02-22,robo,496.49,cerrado
SIN500273,POL100667,SALUD,Madrid,2023-09-24,hospitalizacion,3947.22,cerrado
SIN500274,POL100668,SALUD,Lleida,2026-04-28,cirugia,4457.63,cerrado
SIN500275,POL100673,HOGAR,Zaragoza,2023-08-31,robo,2535.81,cerrado
SIN500276,POL100675,AUTO,Malaga,2025-04-29,incendio,11969.95,cerrado
SIN500277,POL100678,AUTO,Sevilla,2024-10-14,asistencia_en_carretera,50.0,abierto
SIN500278,POL100678,AUTO,Sevilla,2026-03-15,robo,1573.61,abierto
SIN500279,POL100681,HOGAR,Valencia,2023-06-29,danos_por_agua,674.69,abierto
SIN500280,POL100687,AUTO,Alicante,2025-03-11,rotura_lunas,231.64,abierto
SIN500281,POL100687,AUTO,Alicante,2025-01-13,rotura_lunas,201.91,cerrado
SIN500282,POL100688,HOGAR,Lleida,2025-04-16,averia_electrodomesticos,246.78,abierto
SIN500283,POL100689,SALUD,Tarragona,2027-09-03,consulta_especialista,157.77,cerrado
SIN500284,POL100693,AUTO,A Coruna,2025-10-18,robo,985.57,cerrado
SIN500285,POL100698,HOGAR,Zaragoza,2022-07-20,averia_electrodomesticos,126.38,cerrado
SIN500286,POL100701,AUTO,Baleares,2022-02-21,asistencia_en_carretera,118.7,abierto
SIN500287,POL100706,AUTO,Malaga,2024-09-07,asistencia_en_carretera,174.59,cerrado
SIN500288,POL100710,AUTO,Madrid,2023-01-14,incendio,1729.93,cerrado
SIN500289,POL100713,SALUD,Asturias,2022-12-31,consulta_especialista,59.41,cerrado
SIN500290,POL100715,HOGAR,Sevilla,2024-04-04,incendio,3075.88,cerrado
SIN500291,POL100715,HOGAR,Sevilla,2025-04-16,danos_por_agua,812.57,cerrado
SIN500292,POL100717,HOGAR,Barcelona,2023-01-01,robo,516.77,cerrado
SIN500293,POL100739,AUTO,Tarragona,2026-01-22,incendio,5781.15,cerrado
SIN500294,POL100741,AUTO,Malaga,2023-01-02,incendio,6591.13,cerrado
SIN500295,POL100743,AUTO,Valencia,2026-03-12,robo,195.59,cerrado
SIN500296,POL100745,HOGAR,Malaga,2025-10-11,incendio,1474.61,cerrado
SIN500297,POL100747,AUTO,Valencia,2025-01-17,colision,1021.83,abierto
SIN500298,POL100751,AUTO,Madrid,2023-09-21,colision,3485.91,cerrado
SIN500299,POL100761,SALUD,Malaga,2022-05-28,consulta_especialista,161.03,abierto
SIN500300,POL100761,SALUD,Malaga,2023-08-20,hospitalizacion,4770.99,cerrado
SIN500301,POL100766,AUTO,Malaga,2027-05-09,robo,1839.28,cerrado
SIN500302,POL100767,SALUD,Vizcaya,2025-11-16,consulta_especialista,95.52,cerrado
SIN500303,POL100773,HOGAR,Asturias,2026-01-10,incendio,5479.87,abierto
SIN500304,POL100774,AUTO,Madrid,2027-05-28,robo,861.81,cerrado
SIN500305,POL100774,AUTO,Madrid,2027-08-30,robo,437.78,cerrado
SIN500306,POL100776,HOGAR,Sevilla,2025-06-02,danos_por_agua,50.0,abierto
SIN500307,POL100780,HOGAR,Zaragoza,2023-09-15,incendio,9560.52,abierto
SIN500308,POL100781,HOGAR,Valencia,2023-10-26,averia_electrodomesticos,169.81,cerrado
SIN500309,POL100783,HOGAR,Madrid,2021-08-25,robo,1397.6,cerrado
SIN500310,POL100784,AUTO,A Coruna,2023-01-12,robo,496.49,abierto
SIN500311,POL100787,SALUD,Madrid,2026-07-29,cirugia,3248.25,cerrado
SIN500312,POL100787,SALUD,Madrid,2025-12-01,hospitalizacion,1052.31,abierto
SIN500313,POL100789,HOGAR,Baleares,2025-01-15,averia_electrodomesticos,233.94,cerrado
SIN500314,POL100789,HOGAR,Baleares,2026-02-23,averia_electrodomesticos,248.44,cerrado
SIN500315,POL100789,HOGAR,Baleares,2024-07-28,robo,949.93,cerrado
SIN500316,POL100790,AUTO,Alicante,2023-08-31,colision,189.07,abierto
SIN500317,POL100794,SALUD,Tarragona,2024-02-21,consulta_especialista,86.42,abierto
SIN500318,POL100796,AUTO,A Coruna,2024-11-02,colision,1872.32,cerrado
SIN500319,POL100798,AUTO,Cantabria,2025-10-09,incendio,2342.68,cerrado
SIN500320,POL100803,AUTO,Sevilla,2025-06-17,rotura_lunas,112.15,cerrado
SIN500321,POL100803,AUTO,Sevilla,2025-02-12,robo,1130.95,cerrado
SIN500322,POL100805,AUTO,Vizcaya,2026-09-24,robo,364.04,cerrado
SIN500323,POL100809,SALUD,Valencia,2022-07-18,hospitalizacion,1183.12,abierto
SIN500324,POL100810,AUTO,Alicante,2026-01-11,colision,3120.2,cerrado
SIN500325,POL100810,AUTO,Alicante,2025-09-30,rotura_lunas,114.91,cerrado
SIN500326,POL100812,SALUD,Madrid,2022-02-07,consulta_especialista,50.0,cerrado
SIN500327,POL100815,AUTO,Malaga,2026-03-05,asistencia_en_carretera,278.75,cerrado
SIN500328,POL100818,AUTO,Tarragona,2026-02-15,rotura_lunas,379.24,cerrado
SIN500329,POL100819,SALUD,Sevilla,2025-03-18,consulta_especialista,318.52,cerrado
SIN500330,POL100819,SALUD,Sevilla,2025-09-30,cirugia,4062.15,abierto
SIN500331,POL100819,SALUD,Sevilla,2025-12-03,consulta_especialista,50.0,cerrado
SIN500332,POL100820,AUTO,Tarragona,2024-04-13,robo,474.62,abierto
SIN500333,POL100820,AUTO,Tarragona,2023-08-21,incendio,8669.38,cerrado
SIN500334,POL100824,AUTO,Asturias,2023-07-28,rotura_lunas,143.57,cerrado
SIN500335,POL100826,AUTO,Sevilla,2023-07-15,colision,1505.84,cerrado
SIN500336,POL100826,AUTO,Sevilla,2025-02-17,incendio,2591.02,cerrado
SIN500337,POL100829,AUTO,Cantabria,2024-03-26,colision,164.13,abierto
SIN500338,POL100834,AUTO,Asturias,2023-03-23,incendio,12989.45,cerrado
SIN500339,POL100834,AUTO,Asturias,2022-05-08,asistencia_en_carretera,50.0,cerrado
SIN500340,POL100842,AUTO,Vizcaya,2024-10-28,colision,1712.41,cerrado
SIN500341,POL100849,AUTO,Asturias,2024-12-01,colision,780.46,cerrado
SIN500342,POL100851,SALUD,Girona,2025-07-14,cirugia,2786.24,cerrado
SIN500343,POL100851,SALUD,Girona,2026-07-23,cirugia,7701.34,abierto
SIN500344,POL100863,HOGAR,Barcelona,2022-09-26,robo,583.98,abierto
SIN500345,POL100865,AUTO,Malaga,2024-08-09,robo,1810.2,cerrado
SIN500346,POL100867,AUTO,Madrid,2024-12-23,incendio,1824.03,cerrado
SIN500347,POL100873,AUTO,Barcelona,2024-05-31,rotura_lunas,52.24,cerrado
SIN500348,POL100876,AUTO,Barcelona,2024-04-21,rotura_lunas,135.71,cerrado
SIN500349,POL100885,AUTO,Madrid,2024-03-12,rotura_lunas,195.1,cerrado
SIN500350,POL100886,AUTO,Madrid,2023-09-03,colision,405.04,cerrado
SIN500351,POL100891,HOGAR,Barcelona,2024-03-31,incendio,155.17,cerrado
SIN500352,POL100894,HOGAR,Lleida,2022-10-10,incendio,3177.76,cerrado
SIN500353,POL100900,HOGAR,Lleida,2025-04-21,danos_por_agua,819.35,abierto
SIN500354,POL100901,SALUD,Lleida,2023-10-25,consulta_especialista,50.0,cerrado
SIN500355,POL100902,AUTO,Lleida,2024-09-11,incendio,1986.68,cerrado
SIN500356,POL100904,AUTO,Malaga,2024-08-15,asistencia_en_carretera,90.5,cerrado
SIN500357,POL100905,SALUD,Valencia,2026-01-03,cirugia,5848.69,abierto
SIN500358,POL100908,AUTO,Malaga,2027-01-12,asistencia_en_carretera,156.66,cerrado
SIN500359,POL100910,AUTO,Lleida,2024-09-23,rotura_lunas,57.91,cerrado
SIN500360,POL100911,AUTO,Baleares,2024-04-30,rotura_lunas,50.0,cerrado
SIN500361,POL100911,AUTO,Baleares,2025-03-30,colision,3119.4,cerrado
SIN500362,POL100914,AUTO,Cantabria,2023-02-27,rotura_lunas,114.43,cerrado
SIN500363,POL100916,AUTO,Baleares,2021-09-23,asistencia_en_carretera,178.29,cerrado
SIN500364,POL100918,HOGAR,Girona,2024-01-19,incendio,1944.88,cerrado
SIN500365,POL100922,SALUD,Alicante,2024-07-02,hospitalizacion,4913.54,cerrado
SIN500366,POL100923,SALUD,Valencia,2024-11-24,cirugia,1182.99,abierto
SIN500367,POL100926,AUTO,Madrid,2023-04-04,robo,513.06,abierto
SIN500368,POL100926,AUTO,Madrid,2024-04-21,asistencia_en_carretera,50.0,abierto
SIN500369,POL100927,AUTO,Tarragona,2024-12-21,incendio,5486.67,cerrado
SIN500370,POL100929,AUTO,Valencia,2021-08-28,rotura_lunas,367.13,abierto
SIN500371,POL100932,AUTO,Cantabria,2023-09-04,asistencia_en_carretera,249.69,cerrado
SIN500372,POL100934,AUTO,Madrid,2023-03-07,incendio,4834.95,abierto
SIN500373,POL100938,AUTO,Sevilla,2023-09-02,incendio,5245.46,cerrado
SIN500374,POL100945,AUTO,Valencia,2025-02-12,incendio,3990.68,cerrado
SIN500375,POL100947,AUTO,Zaragoza,2023-08-29,incendio,3768.9,cerrado
SIN500376,POL100948,SALUD,A Coruna,2023-01-21,consulta_especialista,50.0,cerrado
SIN500377,POL100949,AUTO,Cantabria,2023-10-28,robo,158.14,cerrado
SIN500378,POL100954,AUTO,Barcelona,2023-09-11,asistencia_en_carretera,101.03,cerrado
SIN500379,POL100955,AUTO,Vizcaya,2025-03-09,robo,1262.6,abierto
SIN500380,POL100957,SALUD,Lleida,2024-02-08,cirugia,3309.3,cerrado
SIN500381,POL100962,AUTO,Madrid,2025-01-19,incendio,2015.3,abierto
SIN500382,POL100963,AUTO,Madrid,2024-08-25,rotura_lunas,201.63,abierto
SIN500383,POL100963,AUTO,Madrid,2024-03-28,robo,778.53,cerrado
SIN500384,POL100963,AUTO,Madrid,2025-01-25,incendio,3886.31,cerrado
SIN500385,POL100964,SALUD,Tarragona,2023-05-24,consulta_especialista,98.9,cerrado
SIN500386,POL100968,SALUD,Madrid,2022-08-25,hospitalizacion,1092.43,cerrado
SIN500387,POL100975,AUTO,Tarragona,2026-03-02,asistencia_en_carretera,118.81,cerrado
SIN500388,POL100987,SALUD,Barcelona,2023-10-04,hospitalizacion,5132.88,cerrado
SIN500389,POL100988,SALUD,Asturias,2027-01-07,consulta_especialista,50.0,cerrado
SIN500390,POL100989,HOGAR,A Coruna,2023-09-04,averia_electrodomesticos,287.31,cerrado
SIN500391,POL100991,SALUD,Alicante,2021-06-19,hospitalizacion,1609.52,cerrado
SIN500392,POL100991,SALUD,Alicante,2024-03-17,consulta_especialista,178.71,cerrado
SIN500393,POL100997,AUTO,Alicante,2022-07-30,incendio,4225.89,abierto
SIN500394,POL100997,AUTO,Alicante,2024-06-07,asistencia_en_carretera,97.06,cerrado
SIN500395,POL100998,AUTO,Sevilla,2021-12-27,rotura_lunas,397.19,abierto
SIN500396,POL100999,AUTO,Vizcaya,2025-04-06,incendio,12282.22,cerrado
SIN500397,POL101001,AUTO,Zaragoza,2025-01-25,robo,1116.41,abierto
SIN500398,POL101004,HOGAR,Asturias,2024-12-19,averia_electrodomesticos,141.07,abierto
SIN500399,POL101005,AUTO,Girona,2023-09-04,colision,2641.2,cerrado
SIN500400,POL101007,AUTO,Tarragona,2025-07-12,robo,1549.85,cerrado
SIN500401,POL101007,AUTO,Tarragona,2024-02-20,colision,2267.48,cerrado
SIN500402,POL101009,AUTO,Girona,2025-08-07,robo,792.32,cerrado
SIN500403,POL101009,AUTO,Girona,2025-11-09,rotura_lunas,178.97,abierto
SIN500404,POL101012,AUTO,Madrid,2027-08-21,robo,449.39,cerrado
SIN500405,POL101014,AUTO,Vizcaya,2025-02-05,asistencia_en_carretera,181.39,cerrado
SIN500406,POL101014,AUTO,Vizcaya,2025-10-14,rotura_lunas,410.14,cerrado
SIN500407,POL101020,AUTO,Cantabria,2026-02-09,asistencia_en_carretera,134.17,abierto
SIN500408,POL101024,AUTO,A Coruna,2024-01-26,robo,720.22,cerrado
SIN500409,POL101026,HOGAR,Barcelona,2023-06-21,averia_electrodomesticos,276.63,cerrado
SIN500410,POL101028,SALUD,Valencia,2026-03-12,cirugia,8291.6,cerrado
SIN500411,POL101028,SALUD,Valencia,2025-02-01,consulta_especialista,98.52,cerrado
SIN500412,POL101037,AUTO,Alicante,2025-05-03,colision,1061.88,abierto
SIN500413,POL101038,HOGAR,Lleida,2024-12-24,averia_electrodomesticos,304.16,cerrado
SIN500414,POL101039,AUTO,Alicante,2026-12-10,asistencia_en_carretera,332.27,abierto
SIN500415,POL101039,AUTO,Alicante,2026-06-14,rotura_lunas,299.57,abierto
SIN500416,POL101046,HOGAR,Asturias,2026-03-05,averia_electrodomesticos,302.41,cerrado
SIN500417,POL101057,HOGAR,Cantabria,2024-05-03,incendio,9696.71,cerrado
SIN500418,POL101058,AUTO,Valencia,2022-01-01,colision,1305.52,cerrado
SIN500419,POL101058,AUTO,Valencia,2023-07-13,robo,1358.17,abierto
SIN500420,POL101059,AUTO,Vizcaya,2024-12-05,rotura_lunas,225.42,cerrado
SIN500421,POL101059,AUTO,Vizcaya,2025-12-14,robo,1045.45,cerrado
SIN500422,POL101062,HOGAR,Madrid,2027-02-11,danos_por_agua,610.76,cerrado
SIN500423,POL101067,AUTO,Girona,2026-04-27,colision,460.51,cerrado
SIN500424,POL101067,AUTO,Girona,2025-10-13,incendio,5486.63,cerrado
SIN500425,POL101072,AUTO,Malaga,2022-11-16,robo,1176.82,abierto
SIN500426,POL101075,AUTO,A Coruna,2027-04-15,colision,1036.4,abierto
SIN500427,POL101076,AUTO,Valencia,2026-10-22,incendio,3178.95,abierto
SIN500428,POL101077,AUTO,Barcelona,2024-12-15,rotura_lunas,130.74,cerrado
SIN500429,POL101078,AUTO,Baleares,2024-09-15,incendio,3438.0,cerrado
SIN500430,POL101078,AUTO,Baleares,2026-09-21,asistencia_en_carretera,271.62,cerrado
SIN500431,POL101079,AUTO,Vizcaya,2023-01-24,robo,1304.12,cerrado
SIN500432,POL101079,AUTO,Vizcaya,2023-05-24,rotura_lunas,50.0,cerrado
SIN500433,POL101079,AUTO,Vizcaya,2024-04-07,incendio,5038.99,cerrado
SIN500434,POL101080,SALUD,Tarragona,2024-09-29,hospitalizacion,4879.88,abierto
SIN500435,POL101080,SALUD,Tarragona,2025-07-25,hospitalizacion,1034.42,abierto
SIN500436,POL101086,AUTO,Alicante,2023-01-17,incendio,593.34,abierto
SIN500437,POL101086,AUTO,Alicante,2023-08-14,robo,254.14,abierto
SIN500438,POL101090,SALUD,Malaga,2023-09-25,hospitalizacion,3331.46,cerrado
SIN500439,POL101091,AUTO,Girona,2023-10-19,rotura_lunas,586.36,abierto
SIN500440,POL101091,AUTO,Girona,2025-01-23,rotura_lunas,117.96,cerrado
SIN500441,POL101091,AUTO,Girona,2024-03-03,incendio,1105.28,abierto
SIN500442,POL101095,AUTO,Malaga,2026-04-22,incendio,6657.07,cerrado
SIN500443,POL101099,AUTO,Valencia,2026-03-16,rotura_lunas,690.94,cerrado
SIN500444,POL101105,HOGAR,Lleida,2024-08-13,robo,1696.79,cerrado
SIN500445,POL101109,AUTO,Cantabria,2023-04-12,asistencia_en_carretera,50.0,cerrado
SIN500446,POL101113,HOGAR,Sevilla,2023-09-18,averia_electrodomesticos,180.45,cerrado
SIN500447,POL101116,AUTO,A Coruna,2026-01-11,robo,1028.22,abierto
SIN500448,POL101116,AUTO,A Coruna,2025-10-15,colision,1365.41,cerrado
SIN500449,POL101119,HOGAR,Lleida,2026-11-08,robo,490.22,cerrado
SIN500450,POL101121,AUTO,Zaragoza,2024-09-19,rotura_lunas,191.14,abierto
SIN500451,POL101121,AUTO,Zaragoza,2022-07-31,robo,234.36,cerrado
SIN500452,POL101122,SALUD,Asturias,2025-07-02,consulta_especialista,50.0,cerrado
SIN500453,POL101123,AUTO,Valencia,2027-06-11,asistencia_en_carretera,596.89,cerrado
SIN500454,POL101131,SALUD,Malaga,2023-12-09,consulta_especialista,130.03,abierto
SIN500455,POL101131,SALUD,Malaga,2023-01-02,hospitalizacion,3421.58,abierto
SIN500456,POL101131,SALUD,Malaga,2024-06-30,consulta_especialista,50.0,cerrado
SIN500457,POL101134,SALUD,Malaga,2022-10-01,cirugia,5873.52,abierto
SIN500458,POL101135,AUTO,Vizcaya,2023-04-21,robo,210.61,cerrado
SIN500459,POL101136,HOGAR,Valencia,2025-05-21,averia_electrodomesticos,422.86,cerrado
SIN500460,POL101148,AUTO,A Coruna,2022-07-01,robo,944.15,cerrado
SIN500461,POL101149,HOGAR,Sevilla,2026-03-14,incendio,4739.75,cerrado
SIN500462,POL101153,SALUD,Girona,2025-06-15,consulta_especialista,95.31,abierto
SIN500463,POL101154,HOGAR,Barcelona,2027-04-01,incendio,13095.41,cerrado
SIN500464,POL101161,AUTO,Cantabria,2025-05-18,colision,2382.6,cerrado
SIN500465,POL101162,AUTO,Girona,2023-04-20,incendio,3883.33,cerrado
SIN500466,POL101162,AUTO,Girona,2023-06-27,asistencia_en_carretera,290.43,cerrado
SIN500467,POL101166,AUTO,Lleida,2024-05-09,rotura_lunas,355.05,cerrado
SIN500468,POL101166,AUTO,Lleida,2024-01-09,asistencia_en_carretera,276.76,cerrado
SIN500469,POL101167,SALUD,Tarragona,2023-04-27,cirugia,10590.43,cerrado
SIN500470,POL101170,HOGAR,Barcelona,2023-04-12,danos_por_agua,2340.77,cerrado
SIN500471,POL101171,HOGAR,Vizcaya,2022-06-25,averia_electrodomesticos,223.31,cerrado
SIN500472,POL101174,HOGAR,Alicante,2022-12-25,danos_por_agua,487.99,abierto
SIN500473,POL101177,HOGAR,Alicante,2022-11-02,danos_por_agua,678.01,cerrado
SIN500474,POL101179,AUTO,Sevilla,2024-04-06,robo,667.72,abierto
SIN500475,POL101182,AUTO,Tarragona,2025-01-14,robo,148.29,abierto
SIN500476,POL101186,SALUD,Vizcaya,2024-08-02,cirugia,8306.83,cerrado
SIN500477,POL101189,AUTO,Zaragoza,2023-04-11,incendio,2079.44,cerrado
SIN500478,POL101191,AUTO,Malaga,2024-10-09,colision,1732.77,cerrado
SIN500479,POL101191,AUTO,Malaga,2024-10-21,asistencia_en_carretera,233.31,cerrado
SIN500480,POL101193,AUTO,Alicante,2024-02-02,colision,1161.72,abierto
SIN500481,POL101194,AUTO,Lleida,2024-04-09,incendio,8961.47,abierto
SIN500482,POL101196,AUTO,Girona,2024-10-12,robo,879.51,abierto
SIN500483,POL101196,AUTO,Girona,2023-01-22,incendio,5894.5,cerrado
SIN500484,POL101197,AUTO,Baleares,2024-05-17,incendio,11429.08,cerrado
SIN500485,POL101202,SALUD,Barcelona,2026-10-29,cirugia,5979.07,abierto
SIN500486,POL101208,AUTO,Lleida,2024-11-02,asistencia_en_carretera,50.0,cerrado
SIN500487,POL101210,SALUD,Madrid,2022-10-23,cirugia,4084.4,cerrado
SIN500488,POL101216,AUTO,Sevilla,2023-11-26,rotura_lunas,93.89,cerrado
SIN500489,POL101217,AUTO,Sevilla,2022-04-12,rotura_lunas,513.68,cerrado
SIN500490,POL101219,AUTO,A Coruna,2025-07-31,robo,753.76,abierto
SIN500491,POL101227,AUTO,Asturias,2026-09-21,rotura_lunas,76.51,cerrado
SIN500492,POL101229,AUTO,Valencia,2025-02-24,rotura_lunas,215.25,cerrado
SIN500493,POL101236,HOGAR,Valencia,2025-07-23,averia_electrodomesticos,334.07,cerrado
SIN500494,POL101236,HOGAR,Valencia,2023-07-01,averia_electrodomesticos,599.74,cerrado
SIN500495,POL101237,AUTO,Sevilla,2022-04-12,colision,2692.85,cerrado
SIN500496,POL101247,AUTO,Asturias,2024-12-02,incendio,2501.34,cerrado
SIN500497,POL101247,AUTO,Asturias,2023-05-20,incendio,4685.63,cerrado
SIN500498,POL101250,HOGAR,Malaga,2023-06-08,averia_electrodomesticos,675.48,cerrado
SIN500499,POL101251,AUTO,Cantabria,2022-08-12,incendio,5733.78,cerrado
SIN500500,POL101254,AUTO,Malaga,2024-12-22,colision,1510.75,cerrado
SIN500501,POL101254,AUTO,Malaga,2025-10-30,colision,4067.95,abierto
SIN500502,POL101257,AUTO,Madrid,2024-12-29,incendio,6426.91,abierto
SIN500503,POL101258,HOGAR,Baleares,2024-05-17,averia_electrodomesticos,821.04,cerrado
SIN500504,POL101261,HOGAR,Vizcaya,2021-06-18,danos_por_agua,2647.15,cerrado
SIN500505,POL101263,AUTO,A Coruna,2023-04-07,robo,464.68,abierto
SIN500506,POL101264,AUTO,Barcelona,2025-01-25,rotura_lunas,212.94,cerrado
SIN500507,POL101264,AUTO,Barcelona,2023-05-31,incendio,6051.05,cerrado
SIN500508,POL101270,HOGAR,Baleares,2021-11-07,robo,147.1,cerrado
SIN500509,POL101272,AUTO,Valencia,2023-12-19,robo,2435.16,abierto
SIN500510,POL101275,HOGAR,Girona,2024-06-22,robo,882.87,abierto
SIN500511,POL101277,AUTO,Girona,2024-01-24,asistencia_en_carretera,110.65,cerrado
SIN500512,POL101278,AUTO,Lleida,2022-03-17,incendio,3002.12,cerrado
SIN500513,POL101278,AUTO,Lleida,2023-12-06,rotura_lunas,74.17,cerrado
SIN500514,POL101278,AUTO,Lleida,2023-05-12,colision,1432.45,cerrado
SIN500515,POL101279,HOGAR,Lleida,2021-06-11,robo,282.66,cerrado
SIN500516,POL101281,HOGAR,Sevilla,2024-06-18,incendio,8039.04,cerrado
SIN500517,POL101286,HOGAR,Cantabria,2023-06-07,danos_por_agua,1070.35,cerrado
SIN500518,POL101289,AUTO,Girona,2021-09-25,incendio,13264.26,cerrado
SIN500519,POL101291,AUTO,Baleares,2022-03-22,robo,556.62,cerrado
SIN500520,POL101296,AUTO,Lleida,2022-08-24,colision,3478.35,cerrado
SIN500521,POL101301,SALUD,Malaga,2022-08-15,cirugia,4008.75,abierto
SIN500522,POL101311,SALUD,Tarragona,2022-03-04,hospitalizacion,3478.09,cerrado
SIN500523,POL101311,SALUD,Tarragona,2024-11-09,hospitalizacion,3898.04,abierto
SIN500524,POL101312,HOGAR,Cantabria,2024-02-13,incendio,2560.32,cerrado
SIN500525,POL101319,SALUD,Baleares,2022-12-18,hospitalizacion,4224.13,cerrado
SIN500526,POL101319,SALUD,Baleares,2023-06-25,cirugia,4222.43,abierto
SIN500527,POL101319,SALUD,Baleares,2023-10-18,hospitalizacion,6574.37,abierto
SIN500528,POL101319,SALUD,Baleares,2022-12-08,hospitalizacion,1411.11,cerrado
SIN500529,POL101320,AUTO,Baleares,2025-12-27,colision,2579.97,abierto
SIN500530,POL101322,AUTO,Lleida,2021-12-23,robo,1952.92,abierto
SIN500531,POL101322,AUTO,Lleida,2022-02-10,robo,136.25,abierto
SIN500532,POL101322,AUTO,Lleida,2024-04-04,rotura_lunas,295.67,abierto
SIN500533,POL101326,AUTO,Cantabria,2025-08-07,colision,569.49,cerrado
SIN500534,POL101328,HOGAR,Girona,2022-02-07,incendio,4302.83,cerrado
SIN500535,POL101338,AUTO,Alicante,2024-03-01,colision,1780.23,abierto
SIN500536,POL101340,AUTO,Lleida,2022-10-31,rotura_lunas,178.27,cerrado
SIN500537,POL101345,HOGAR,Sevilla,2025-04-25,averia_electrodomesticos,550.73,abierto
SIN500538,POL101350,AUTO,Baleares,2024-01-26,incendio,5995.52,abierto
SIN500539,POL101350,AUTO,Baleares,2023-12-04,robo,99.96,cerrado
SIN500540,POL101352,AUTO,Tarragona,2021-10-29,colision,174.14,cerrado
SIN500541,POL101352,AUTO,Tarragona,2023-01-25,rotura_lunas,294.4,cerrado
SIN500542,POL101356,AUTO,Barcelona,2024-07-01,asistencia_en_carretera,292.97,abierto
SIN500543,POL101357,AUTO,Vizcaya,2023-02-17,incendio,1744.6,abierto
SIN500544,POL101359,VIDA,Malaga,2023-12-30,invalidez,56530.84,cerrado
SIN500545,POL101361,HOGAR,Baleares,2023-02-23,robo,2428.49,cerrado
SIN500546,POL101370,SALUD,Lleida,2021-12-30,consulta_especialista,74.94,abierto
SIN500547,POL101370,SALUD,Lleida,2023-12-13,hospitalizacion,2915.07,cerrado
SIN500548,POL101374,AUTO,Vizcaya,2022-03-01,rotura_lunas,103.3,cerrado
SIN500549,POL101378,AUTO,Barcelona,2022-11-07,asistencia_en_carretera,115.48,cerrado
SIN500550,POL101381,HOGAR,Lleida,2026-05-27,averia_electrodomesticos,134.14,cerrado
SIN500551,POL101381,HOGAR,Lleida,2025-05-02,robo,610.96,cerrado
SIN500552,POL101382,SALUD,Tarragona,2021-06-28,consulta_especialista,88.74,abierto
SIN500553,POL101382,SALUD,Tarragona,2021-12-13,consulta_especialista,90.87,cerrado
SIN500554,POL101389,HOGAR,Alicante,2025-05-17,robo,1624.71,cerrado
SIN500555,POL101390,AUTO,Lleida,2023-10-25,colision,2041.28,cerrado
SIN500556,POL101390,AUTO,Lleida,2023-02-02,colision,3130.43,cerrado
SIN500557,POL101393,AUTO,Girona,2025-05-04,rotura_lunas,66.56,abierto
SIN500558,POL101393,AUTO,Girona,2026-07-15,incendio,4981.74,abierto
SIN500559,POL101393,AUTO,Girona,2026-08-31,asistencia_en_carretera,399.94,cerrado
SIN500560,POL101404,HOGAR,Barcelona,2022-09-04,averia_electrodomesticos,59.2,cerrado
SIN500561,POL101410,AUTO,Lleida,2024-01-31,rotura_lunas,66.86,cerrado
SIN500562,POL101412,AUTO,Lleida,2025-06-19,colision,409.67,cerrado
SIN500563,POL101413,HOGAR,Vizcaya,2023-01-14,danos_por_agua,1714.42,abierto
SIN500564,POL101414,HOGAR,Madrid,2025-12-13,averia_electrodomesticos,62.61,cerrado
SIN500565,POL101415,AUTO,Tarragona,2023-02-14,robo,114.02,cerrado
SIN500566,POL101417,AUTO,Alicante,2024-04-12,incendio,3068.49,cerrado
SIN500567,POL101417,AUTO,Alicante,2024-01-28,colision,1646.22,cerrado
SIN500568,POL101426,HOGAR,Tarragona,2023-06-30,danos_por_agua,1089.37,cerrado
SIN500569,POL101431,VIDA,Vizcaya,2025-06-18,invalidez,37615.43,cerrado
SIN500570,POL101433,AUTO,Zaragoza,2027-01-20,colision,2470.34,cerrado
SIN500571,POL101435,AUTO,Vizcaya,2025-12-09,robo,1722.12,abierto
SIN500572,POL101438,AUTO,Cantabria,2024-12-05,incendio,7763.03,abierto
SIN500573,POL101438,AUTO,Cantabria,2023-02-10,robo,690.53,cerrado
SIN500574,POL101440,AUTO,A Coruna,2025-04-10,asistencia_en_carretera,151.85,cerrado
SIN500575,POL101442,AUTO,Asturias,2023-08-21,asistencia_en_carretera,73.56,cerrado
SIN500576,POL101443,SALUD,Girona,2023-03-28,cirugia,2673.81,abierto
SIN500577,POL101445,HOGAR,Baleares,2025-06-10,incendio,2152.61,cerrado
SIN500578,POL101445,HOGAR,Baleares,2023-06-09,robo,1645.93,cerrado
SIN500579,POL101446,SALUD,Lleida,2026-10-23,hospitalizacion,1303.78,cerrado
SIN500580,POL101450,AUTO,Madrid,2024-07-04,rotura_lunas,65.73,cerrado
SIN500581,POL101450,AUTO,Madrid,2024-05-06,asistencia_en_carretera,215.07,cerrado
SIN500582,POL101451,HOGAR,Cantabria,2023-12-30,incendio,4062.19,cerrado
SIN500583,POL101451,HOGAR,Cantabria,2021-09-05,averia_electrodomesticos,903.76,cerrado
SIN500584,POL101452,AUTO,A Coruna,2025-07-11,robo,279.53,cerrado
SIN500585,POL101452,AUTO,A Coruna,2024-07-08,rotura_lunas,318.09,cerrado
SIN500586,POL101452,AUTO,A Coruna,2025-02-03,asistencia_en_carretera,54.1,abierto
SIN500587,POL101453,AUTO,Malaga,2025-04-20,robo,418.77,cerrado
SIN500588,POL101455,SALUD,Lleida,2024-12-05,cirugia,3551.03,cerrado
SIN500589,POL101456,AUTO,Zaragoza,2023-05-28,asistencia_en_carretera,108.41,cerrado
SIN500590,POL101465,AUTO,Girona,2025-07-26,rotura_lunas,50.0,cerrado
SIN500591,POL101466,AUTO,Valencia,2027-07-19,colision,1201.56,cerrado
SIN500592,POL101468,SALUD,Asturias,2025-01-21,consulta_especialista,100.11,cerrado
SIN500593,POL101468,SALUD,Asturias,2024-12-02,hospitalizacion,1008.35,abierto
SIN500594,POL101471,AUTO,Zaragoza,2025-04-04,rotura_lunas,196.02,cerrado
SIN500595,POL101471,AUTO,Zaragoza,2025-10-31,incendio,763.78,abierto
SIN500596,POL101471,AUTO,Zaragoza,2025-08-28,rotura_lunas,165.27,cerrado
SIN500597,POL101473,AUTO,Valencia,2023-08-21,colision,1245.49,cerrado
SIN500598,POL101474,HOGAR,Valencia,2025-06-05,danos_por_agua,806.5,cerrado
SIN500599,POL101479,AUTO,Lleida,2024-01-16,robo,310.23,cerrado
SIN500600,POL101479,AUTO,Lleida,2024-12-12,asistencia_en_carretera,98.02,cerrado
SIN500601,POL101480,HOGAR,A Coruna,2026-05-20,danos_por_agua,549.58,cerrado
SIN500602,POL101481,AUTO,Malaga,2025-10-08,asistencia_en_carretera,165.81,cerrado
SIN500603,POL101481,AUTO,Malaga,2025-05-31,robo,708.39,cerrado
SIN500604,POL101484,AUTO,Tarragona,2025-01-23,robo,541.22,cerrado
SIN500605,POL101485,AUTO,Baleares,2025-10-09,incendio,1081.67,cerrado
SIN500606,POL101487,SALUD,Sevilla,2024-03-01,cirugia,10825.55,cerrado
SIN500607,POL101488,HOGAR,Tarragona,2026-12-06,incendio,3369.07,cerrado
SIN500608,POL101498,AUTO,Zaragoza,2023-01-02,asistencia_en_carretera,283.05,cerrado
SIN500609,POL101505,AUTO,Girona,2025-10-26,incendio,3187.22,cerrado
SIN500610,POL101509,AUTO,Baleares,2022-05-08,colision,6382.2,cerrado
SIN500611,POL101511,SALUD,Valencia,2023-12-27,hospitalizacion,1459.3,cerrado
SIN500612,POL101518,AUTO,A Coruna,2022-11-28,robo,899.11,cerrado
SIN500613,POL101526,AUTO,Valencia,2025-04-26,asistencia_en_carretera,50.0,cerrado
SIN500614,POL101533,AUTO,Alicante,2022-01-06,incendio,1868.43,abierto
SIN500615,POL101533,AUTO,Alicante,2023-02-19,rotura_lunas,290.73,abierto
SIN500616,POL101535,AUTO,Baleares,2023-10-31,colision,3435.3,abierto
SIN500617,POL101540,AUTO,Alicante,2024-01-15,robo,353.92,abierto
SIN500618,POL101541,AUTO,Baleares,2023-11-18,incendio,2017.51,cerrado
SIN500619,POL101543,HOGAR,Malaga,2024-12-24,robo,1188.7,cerrado
SIN500620,POL101544,AUTO,Cantabria,2024-02-01,incendio,2823.29,cerrado
SIN500621,POL101545,HOGAR,Asturias,2026-03-02,incendio,2032.47,cerrado
SIN500622,POL101545,HOGAR,Asturias,2026-06-14,robo,587.28,cerrado
SIN500623,POL101549,AUTO,Vizcaya,2023-12-30,incendio,3757.37,cerrado
SIN500624,POL101550,AUTO,Girona,2024-03-01,colision,1005.35,cerrado
SIN500625,POL101552,AUTO,Cantabria,2022-08-12,colision,1936.26,cerrado
SIN500626,POL101556,AUTO,Sevilla,2023-10-19,colision,4232.85,abierto
SIN500627,POL101557,AUTO,Malaga,2023-09-11,colision,1243.39,cerrado
SIN500628,POL101557,AUTO,Malaga,2024-07-22,colision,3272.9,abierto
SIN500629,POL101560,AUTO,Girona,2025-03-07,rotura_lunas,108.54,cerrado
SIN500630,POL101560,AUTO,Girona,2025-07-18,asistencia_en_carretera,186.43,abierto
SIN500631,POL101562,AUTO,Cantabria,2024-08-02,robo,461.53,cerrado
SIN500632,POL101569,AUTO,Asturias,2023-07-01,colision,2768.39,abierto
SIN500633,POL101573,HOGAR,Sevilla,2024-05-24,robo,245.86,abierto
SIN500634,POL101574,HOGAR,Zaragoza,2023-12-17,danos_por_agua,884.86,abierto
SIN500635,POL101576,HOGAR,Baleares,2025-07-25,averia_electrodomesticos,164.89,cerrado
SIN500636,POL101582,HOGAR,Cantabria,2026-12-03,danos_por_agua,1668.88,abierto
SIN500637,POL101585,AUTO,Madrid,2025-04-08,incendio,5973.26,abierto
SIN500638,POL101585,AUTO,Madrid,2025-10-21,asistencia_en_carretera,115.36,cerrado
SIN500639,POL101586,HOGAR,Cantabria,2023-12-11,robo,1772.45,cerrado
SIN500640,POL101586,HOGAR,Cantabria,2024-12-22,incendio,1257.21,cerrado
SIN500641,POL101587,AUTO,Valencia,2023-02-26,incendio,1534.76,cerrado
SIN500642,POL101591,AUTO,Tarragona,2024-07-21,robo,784.64,cerrado
SIN500643,POL101591,AUTO,Tarragona,2025-06-09,asistencia_en_carretera,379.41,abierto
SIN500644,POL101595,HOGAR,A Coruna,2026-07-18,incendio,1974.26,abierto
SIN500645,POL101598,AUTO,Barcelona,2025-08-24,rotura_lunas,355.12,abierto
SIN500646,POL101599,HOGAR,Barcelona,2022-07-20,incendio,5835.02,cerrado
SIN500647,POL101599,HOGAR,Barcelona,2023-07-27,robo,344.2,cerrado
SIN500648,POL101603,SALUD,Sevilla,2025-03-04,hospitalizacion,3830.64,cerrado
SIN500649,POL101608,AUTO,Asturias,2023-12-20,asistencia_en_carretera,50.0,cerrado
SIN500650,POL101608,AUTO,Asturias,2023-04-05,incendio,1429.72,cerrado
SIN500651,POL101612,AUTO,Alicante,2024-01-25,robo,1424.1,abierto
SIN500652,POL101612,AUTO,Alicante,2025-12-16,asistencia_en_carretera,62.8,abierto
SIN500653,POL101616,AUTO,Cantabria,2024-09-01,robo,1125.79,cerrado
SIN500654,POL101616,AUTO,Cantabria,2023-04-21,asistencia_en_carretera,50.0,abierto
SIN500655,POL101618,SALUD,Barcelona,2021-04-27,consulta_especialista,112.55,abierto
SIN500656,POL101624,SALUD,Madrid,2026-01-05,consulta_especialista,65.44,cerrado
SIN500657,POL101628,SALUD,Madrid,2022-08-28,consulta_especialista,50.0,abierto
SIN500658,POL101628,SALUD,Madrid,2022-10-05,hospitalizacion,3008.21,cerrado
SIN500659,POL101629,SALUD,Zaragoza,2024-06-13,hospitalizacion,5440.0,cerrado
SIN500660,POL101632,AUTO,Girona,2025-07-09,rotura_lunas,192.2,cerrado
SIN500661,POL101635,AUTO,Vizcaya,2026-10-06,incendio,7527.36,cerrado
SIN500662,POL101635,AUTO,Vizcaya,2025-10-22,asistencia_en_carretera,87.39,cerrado
SIN500663,POL101640,AUTO,Barcelona,2024-02-21,rotura_lunas,110.28,cerrado
SIN500664,POL101641,AUTO,Madrid,2024-06-10,asistencia_en_carretera,631.51,cerrado
SIN500665,POL101642,HOGAR,Cantabria,2023-02-21,incendio,6838.21,cerrado
SIN500666,POL101643,AUTO,Malaga,2025-07-01,asistencia_en_carretera,303.43,abierto
SIN500667,POL101650,AUTO,A Coruna,2027-05-16,robo,465.79,cerrado
SIN500668,POL101651,SALUD,A Coruna,2025-03-30,hospitalizacion,1849.9,cerrado
SIN500669,POL101654,AUTO,Valencia,2022-12-03,asistencia_en_carretera,50.0,abierto
SIN500670,POL101655,AUTO,Tarragona,2022-11-06,rotura_lunas,259.19,abierto
SIN500671,POL101663,AUTO,Girona,2023-08-26,colision,1457.53,cerrado
SIN500672,POL101664,AUTO,Zaragoza,2026-03-14,rotura_lunas,177.2,cerrado
SIN500673,POL101665,HOGAR,Lleida,2026-05-03,averia_electrodomesticos,401.21,abierto
SIN500674,POL101667,AUTO,Madrid,2023-10-29,incendio,9565.36,abierto
SIN500675,POL101669,AUTO,Girona,2024-11-22,asistencia_en_carretera,201.9,cerrado
SIN500676,POL101678,AUTO,Baleares,2024-02-19,incendio,6157.42,abierto
SIN500677,POL101679,AUTO,Valencia,2022-01-14,colision,1050.08,cerrado
SIN500678,POL101681,AUTO,Madrid,2025-08-03,asistencia_en_carretera,84.91,cerrado
SIN500679,POL101682,SALUD,Cantabria,2026-04-28,hospitalizacion,1616.22,cerrado
SIN500680,POL101683,AUTO,Sevilla,2025-02-13,rotura_lunas,50.0,abierto
SIN500681,POL101688,AUTO,Baleares,2023-10-15,colision,1940.28,cerrado
SIN500682,POL101691,AUTO,Asturias,2026-01-29,asistencia_en_carretera,66.95,abierto
SIN500683,POL101691,AUTO,Asturias,2024-09-13,asistencia_en_carretera,193.52,abierto
SIN500684,POL101693,AUTO,Valencia,2022-10-05,rotura_lunas,412.57,abierto
SIN500685,POL101694,HOGAR,Alicante,2025-04-11,averia_electrodomesticos,109.63,cerrado
SIN500686,POL101695,AUTO,Zaragoza,2024-12-31,asistencia_en_carretera,112.39,cerrado
SIN500687,POL101698,AUTO,Asturias,2026-01-25,robo,313.96,cerrado
SIN500688,POL101701,AUTO,Girona,2025-12-17,robo,331.7,cerrado
SIN500689,POL101701,AUTO,Girona,2026-12-21,robo,362.11,cerrado
SIN500690,POL101702,AUTO,Girona,2023-09-12,colision,3548.71,cerrado
SIN500691,POL101702,AUTO,Girona,2024-02-28,robo,467.66,cerrado
SIN500692,POL101705,AUTO,Cantabria,2025-07-31,robo,3276.95,cerrado
SIN500693,POL101711,AUTO,Alicante,2021-11-26,incendio,1135.76,cerrado
SIN500694,POL101713,AUTO,Girona,2024-10-11,colision,1575.67,cerrado
SIN500695,POL101721,HOGAR,Baleares,2026-01-07,averia_electrodomesticos,381.59,abierto
SIN500696,POL101723,HOGAR,Vizcaya,2024-08-06,robo,567.34,abierto
SIN500697,POL101724,AUTO,Tarragona,2024-06-28,colision,2367.49,cerrado
SIN500698,POL101727,AUTO,Valencia,2021-09-14,asistencia_en_carretera,147.4,cerrado
SIN500699,POL101727,AUTO,Valencia,2022-12-22,incendio,1722.63,cerrado
SIN500700,POL101729,HOGAR,Baleares,2025-06-22,incendio,4469.99,cerrado
SIN500701,POL101731,AUTO,Alicante,2026-04-28,asistencia_en_carretera,134.58,abierto
SIN500702,POL101732,AUTO,Cantabria,2025-04-23,asistencia_en_carretera,119.68,cerrado
SIN500703,POL101736,AUTO,Madrid,2024-12-19,incendio,5545.79,abierto
SIN500704,POL101737,AUTO,Baleares,2021-06-11,colision,1708.81,cerrado
SIN500705,POL101737,AUTO,Baleares,2022-03-31,robo,771.29,cerrado
SIN500706,POL101739,AUTO,A Coruna,2025-08-19,incendio,4064.64,cerrado
SIN500707,POL101740,SALUD,Cantabria,2025-09-09,cirugia,3428.48,cerrado
SIN500708,POL101748,SALUD,Tarragona,2023-06-30,hospitalizacion,2905.69,cerrado
SIN500709,POL101749,AUTO,Malaga,2025-02-10,asistencia_en_carretera,248.47,cerrado
SIN500710,POL101751,SALUD,A Coruna,2024-07-01,cirugia,437.02,cerrado
SIN500711,POL101753,SALUD,Lleida,2024-02-23,consulta_especialista,75.08,abierto
SIN500712,POL101753,SALUD,Lleida,2024-01-05,hospitalizacion,4485.11,cerrado
SIN500713,POL101755,AUTO,Malaga,2025-03-22,robo,941.6,abierto
SIN500714,POL101755,AUTO,Malaga,2024-03-16,colision,756.11,cerrado
SIN500715,POL101759,AUTO,A Coruna,2024-03-07,incendio,5735.88,cerrado
SIN500716,POL101759,AUTO,A Coruna,2023-09-19,colision,350.44,cerrado
SIN500717,POL101767,AUTO,Asturias,2022-07-31,rotura_lunas,93.54,cerrado
SIN500718,POL101772,AUTO,Cantabria,2024-09-26,colision,1952.95,cerrado
SIN500719,POL101774,HOGAR,Alicante,2025-05-11,robo,761.32,cerrado
SIN500720,POL101774,HOGAR,Alicante,2024-05-25,robo,291.23,abierto
SIN500721,POL101778,HOGAR,A Coruna,2024-08-15,danos_por_agua,1331.87,abierto
SIN500722,POL101779,AUTO,Vizcaya,2024-04-14,incendio,1728.6,abierto
SIN500723,POL101779,AUTO,Vizcaya,2025-10-20,incendio,5749.94,cerrado
SIN500724,POL101780,AUTO,Asturias,2025-09-04,robo,177.39,abierto
SIN500725,POL101784,AUTO,Tarragona,2024-02-04,rotura_lunas,555.28,cerrado
SIN500726,POL101787,HOGAR,Tarragona,2022-12-19,incendio,6844.4,cerrado
SIN500727,POL101790,HOGAR,Asturias,2023-07-17,robo,1068.88,abierto
SIN500728,POL101790,HOGAR,Asturias,2023-08-10,averia_electrodomesticos,185.27,abierto
SIN500729,POL101792,AUTO,Sevilla,2023-06-14,rotura_lunas,151.06,cerrado
SIN500730,POL101794,SALUD,Cantabria,2025-08-09,hospitalizacion,5979.06,cerrado
SIN500731,POL101797,HOGAR,Vizcaya,2023-09-17,danos_por_agua,377.76,cerrado
SIN500732,POL101800,HOGAR,Barcelona,2025-09-13,robo,556.09,abierto
SIN500733,POL101800,HOGAR,Barcelona,2023-12-12,robo,1061.31,cerrado
SIN500734,POL101801,AUTO,Barcelona,2025-03-29,rotura_lunas,51.1,abierto
SIN500735,POL101802,SALUD,Alicante,2023-06-18,hospitalizacion,1319.39,cerrado
SIN500736,POL101807,HOGAR,Zaragoza,2026-06-06,danos_por_agua,941.66,cerrado
SIN500737,POL101808,AUTO,Zaragoza,2024-08-18,asistencia_en_carretera,100.79,cerrado
SIN500738,POL101811,HOGAR,Cantabria,2023-12-22,incendio,2128.82,abierto
SIN500739,POL101811,HOGAR,Cantabria,2025-01-17,danos_por_agua,1271.5,cerrado
SIN500740,POL101814,AUTO,Vizcaya,2024-11-12,rotura_lunas,50.0,cerrado
SIN500741,POL101814,AUTO,Vizcaya,2023-03-30,robo,623.24,abierto
SIN500742,POL101817,SALUD,Madrid,2026-12-27,cirugia,12231.93,abierto
SIN500743,POL101820,HOGAR,Sevilla,2025-02-14,danos_por_agua,2455.35,cerrado
SIN500744,POL101821,AUTO,Madrid,2023-01-31,robo,378.02,cerrado
SIN500745,POL101828,AUTO,Alicante,2023-11-03,incendio,7822.14,cerrado
SIN500746,POL101829,AUTO,Lleida,2024-07-08,rotura_lunas,72.65,cerrado
SIN500747,POL101837,HOGAR,Zaragoza,2026-12-05,danos_por_agua,735.73,cerrado
SIN500748,POL101842,HOGAR,Girona,2024-03-22,averia_electrodomesticos,159.78,abierto
SIN500749,POL101843,AUTO,Tarragona,2023-08-02,asistencia_en_carretera,449.47,abierto
SIN500750,POL101843,AUTO,Tarragona,2024-08-04,asistencia_en_carretera,104.62,cerrado
SIN500751,POL101851,AUTO,Sevilla,2022-12-14,colision,1457.69,cerrado
SIN500752,POL101854,AUTO,Malaga,2023-12-27,colision,2082.13,cerrado
SIN500753,POL101854,AUTO,Malaga,2021-12-22,rotura_lunas,220.11,cerrado
SIN500754,POL101855,HOGAR,Barcelona,2024-10-30,averia_electrodomesticos,447.44,cerrado
SIN500755,POL101855,HOGAR,Barcelona,2023-05-30,incendio,4820.33,cerrado
SIN500756,POL101859,AUTO,Alicante,2024-11-27,rotura_lunas,214.65,cerrado
SIN500757,POL101860,AUTO,Barcelona,2026-08-25,robo,469.84,abierto
SIN500758,POL101862,HOGAR,Tarragona,2021-05-01,danos_por_agua,1434.3,abierto
SIN500759,POL101867,HOGAR,Girona,2027-03-25,danos_por_agua,669.37,cerrado
SIN500760,POL101870,SALUD,Madrid,2025-12-04,hospitalizacion,8765.64,cerrado
SIN500761,POL101875,AUTO,Barcelona,2025-06-12,asistencia_en_carretera,88.42,cerrado
SIN500762,POL101876,AUTO,A Coruna,2023-12-30,robo,894.96,cerrado
SIN500763,POL101876,AUTO,A Coruna,2023-12-14,rotura_lunas,267.46,abierto
SIN500764,POL101877,SALUD,Zaragoza,2022-12-31,consulta_especialista,101.79,abierto
SIN500765,POL101884,AUTO,Sevilla,2026-03-06,rotura_lunas,235.8,cerrado
SIN500766,POL101889,VIDA,Lleida,2022-07-21,fallecimiento,61635.47,abierto
SIN500767,POL101896,AUTO,Lleida,2025-01-16,robo,88.51,abierto
SIN500768,POL101902,SALUD,Baleares,2024-03-01,consulta_especialista,75.27,cerrado
SIN500769,POL101903,AUTO,Barcelona,2027-01-25,robo,906.83,cerrado
SIN500770,POL101905,HOGAR,Girona,2023-07-05,robo,680.64,cerrado
SIN500771,POL101905,HOGAR,Girona,2025-01-12,averia_electrodomesticos,298.91,abierto
SIN500772,POL101906,AUTO,Asturias,2025-06-17,asistencia_en_carretera,116.11,cerrado
SIN500773,POL101906,AUTO,Asturias,2024-04-21,rotura_lunas,51.37,cerrado
SIN500774,POL101909,AUTO,Tarragona,2025-04-10,rotura_lunas,190.83,cerrado
SIN500775,POL101916,AUTO,A Coruna,2025-07-25,colision,746.04,cerrado
SIN500776,POL101917,AUTO,Vizcaya,2026-12-25,rotura_lunas,156.91,cerrado
SIN500777,POL101919,AUTO,Malaga,2021-07-18,robo,705.02,cerrado
SIN500778,POL101922,AUTO,Baleares,2025-06-18,asistencia_en_carretera,229.79,cerrado
SIN500779,POL101930,AUTO,Tarragona,2022-04-14,colision,164.33,cerrado
SIN500780,POL101931,AUTO,Girona,2022-10-26,incendio,2086.07,abierto
SIN500781,POL101933,HOGAR,Cantabria,2023-04-01,danos_por_agua,512.57,cerrado
SIN500782,POL101933,HOGAR,Cantabria,2023-05-23,incendio,7324.26,cerrado
SIN500783,POL101934,AUTO,Cantabria,2022-10-27,rotura_lunas,497.89,cerrado
SIN500784,POL101939,HOGAR,Girona,2023-09-29,averia_electrodomesticos,114.33,cerrado
SIN500785,POL101940,AUTO,Barcelona,2024-07-20,rotura_lunas,195.39,cerrado
SIN500786,POL101944,AUTO,Zaragoza,2021-12-06,incendio,12951.41,abierto
SIN500787,POL101944,AUTO,Zaragoza,2021-08-16,asistencia_en_carretera,67.78,cerrado
SIN500788,POL101957,HOGAR,Lleida,2025-06-27,incendio,7746.2,abierto
SIN500789,POL101962,AUTO,Madrid,2023-04-27,incendio,2814.82,cerrado
SIN500790,POL101971,HOGAR,Sevilla,2024-01-05,robo,582.69,abierto
SIN500791,POL101974,SALUD,Baleares,2025-05-23,consulta_especialista,50.0,cerrado
SIN500792,POL101974,SALUD,Baleares,2022-11-02,cirugia,1155.46,abierto
SIN500793,POL101978,HOGAR,Vizcaya,2022-08-01,danos_por_agua,256.87,cerrado
SIN500794,POL101979,AUTO,Alicante,2026-05-23,asistencia_en_carretera,136.39,cerrado
SIN500795,POL101980,SALUD,Sevilla,2024-06-17,cirugia,7275.9,cerrado
SIN500796,POL101981,AUTO,Madrid,2022-07-30,rotura_lunas,155.63,cerrado
SIN500797,POL101982,AUTO,Sevilla,2025-05-30,rotura_lunas,299.1,abierto
SIN500798,POL101982,AUTO,Sevilla,2027-02-17,colision,1386.1,cerrado
SIN500799,POL101984,SALUD,Baleares,2025-06-07,hospitalizacion,1969.61,cerrado
SIN500800,POL101985,AUTO,Malaga,2026-11-10,rotura_lunas,231.29,cerrado
SIN500801,POL101988,AUTO,Girona,2023-11-21,rotura_lunas,61.01,cerrado
SIN500802,POL101993,AUTO,Barcelona,2024-10-10,asistencia_en_carretera,140.56,cerrado
SIN500803,POL102000,HOGAR,Sevilla,2027-03-14,averia_electrodomesticos,50.0,cerrado
SIN500804,POL102001,SALUD,Baleares,2022-03-08,cirugia,3753.85,cerrado
SIN500805,POL102005,SALUD,Cantabria,2022-04-01,hospitalizacion,2076.82,abierto
SIN500806,POL102005,SALUD,Cantabria,2021-12-19,hospitalizacion,5633.56,cerrado
SIN500807,POL102010,AUTO,A Coruna,2024-01-29,rotura_lunas,279.77,cerrado
SIN500808,POL102011,VIDA,Cantabria,2024-11-09,invalidez,10277.28,cerrado
SIN500809,POL102013,AUTO,Alicante,2023-10-17,colision,1909.6,cerrado
SIN500810,POL102015,AUTO,A Coruna,2023-09-08,rotura_lunas,399.22,cerrado
SIN500811,POL102017,HOGAR,Girona,2027-01-21,robo,182.47,abierto
SIN500812,POL102021,AUTO,Lleida,2024-03-16,incendio,13435.45,cerrado
SIN500813,POL102021,AUTO,Lleida,2023-08-31,colision,2139.62,cerrado
SIN500814,POL102029,AUTO,Valencia,2022-02-15,asistencia_en_carretera,52.25,cerrado
SIN500815,POL102030,HOGAR,Lleida,2025-10-18,incendio,1406.21,abierto
SIN500816,POL102032,HOGAR,Vizcaya,2022-05-01,danos_por_agua,2325.66,cerrado
SIN500817,POL102035,AUTO,Girona,2024-04-02,rotura_lunas,103.12,cerrado
SIN500818,POL102039,HOGAR,Tarragona,2025-07-21,averia_electrodomesticos,183.44,cerrado
SIN500819,POL102045,HOGAR,Girona,2026-06-07,robo,1733.67,cerrado
SIN500820,POL102045,HOGAR,Girona,2025-08-08,robo,297.32,cerrado
SIN500821,POL102053,HOGAR,Asturias,2021-11-29,robo,1462.36,cerrado
SIN500822,POL102059,SALUD,Madrid,2023-04-17,consulta_especialista,100.24,cerrado
SIN500823,POL102059,SALUD,Madrid,2026-02-28,cirugia,3082.32,cerrado
SIN500824,POL102061,AUTO,Sevilla,2023-02-17,colision,2460.54,cerrado
SIN500825,POL102068,AUTO,Alicante,2025-01-15,colision,249.88,cerrado
SIN500826,POL102068,AUTO,Alicante,2025-01-23,rotura_lunas,166.15,cerrado
SIN500827,POL102068,AUTO,Alicante,2023-06-04,asistencia_en_carretera,54.04,cerrado
SIN500828,POL102068,AUTO,Alicante,2025-06-24,rotura_lunas,209.76,cerrado
SIN500829,POL102070,AUTO,Tarragona,2022-06-14,incendio,3579.1,cerrado
SIN500830,POL102071,AUTO,Madrid,2023-12-14,rotura_lunas,63.23,cerrado
SIN500831,POL102072,AUTO,Malaga,2024-02-29,asistencia_en_carretera,78.32,cerrado
SIN500832,POL102073,AUTO,Barcelona,2026-10-14,asistencia_en_carretera,157.75,abierto
SIN500833,POL102073,AUTO,Barcelona,2026-06-22,colision,1020.6,cerrado
SIN500834,POL102079,AUTO,Zaragoza,2024-10-28,asistencia_en_carretera,112.34,cerrado
SIN500835,POL102082,AUTO,Baleares,2025-11-22,asistencia_en_carretera,50.0,cerrado
SIN500836,POL102083,AUTO,Valencia,2025-04-10,incendio,4300.89,cerrado
SIN500837,POL102091,HOGAR,Zaragoza,2025-06-13,danos_por_agua,732.94,abierto
SIN500838,POL102094,AUTO,Madrid,2024-01-07,colision,4290.79,abierto
SIN500839,POL102096,AUTO,Lleida,2025-07-01,robo,731.74,cerrado
SIN500840,POL102097,AUTO,Alicante,2026-02-23,asistencia_en_carretera,178.04,cerrado
SIN500841,POL102098,HOGAR,Madrid,2027-04-26,robo,583.41,abierto
SIN500842,POL102099,AUTO,Tarragona,2024-01-15,robo,980.03,cerrado
SIN500843,POL102099,AUTO,Tarragona,2023-10-01,incendio,4781.78,cerrado
SIN500844,POL102106,HOGAR,Valencia,2022-11-26,incendio,17629.03,cerrado
SIN500845,POL102107,AUTO,Tarragona,2023-04-04,robo,1601.15,cerrado
SIN500846,POL102113,AUTO,Alicante,2025-12-29,colision,3657.78,cerrado
SIN500847,POL102118,AUTO,A Coruna,2027-01-03,asistencia_en_carretera,315.35,cerrado
SIN500848,POL102120,AUTO,Cantabria,2024-10-24,robo,1132.06,cerrado
SIN500849,POL102135,AUTO,Tarragona,2023-12-21,incendio,6502.41,abierto
SIN500850,POL102135,AUTO,Tarragona,2023-02-05,rotura_lunas,159.35,cerrado
SIN500851,POL102150,HOGAR,Valencia,2024-01-31,danos_por_agua,1439.52,cerrado
SIN500852,POL102152,AUTO,Cantabria,2023-01-30,asistencia_en_carretera,285.03,cerrado
SIN500853,POL102153,AUTO,Alicante,2023-06-07,robo,898.34,cerrado
SIN500854,POL102155,AUTO,Asturias,2025-02-03,robo,862.83,cerrado
SIN500855,POL102157,SALUD,Malaga,2023-11-09,cirugia,7662.56,cerrado
SIN500856,POL102163,AUTO,Cantabria,2026-02-24,robo,398.15,abierto
SIN500857,POL102168,AUTO,Sevilla,2024-08-24,colision,1046.55,cerrado
SIN500858,POL102168,AUTO,Sevilla,2023-05-06,incendio,3755.85,cerrado
SIN500859,POL102168,AUTO,Sevilla,2023-09-10,incendio,7077.17,cerrado
SIN500860,POL102170,AUTO,Valencia,2024-06-17,rotura_lunas,344.26,cerrado
SIN500861,POL102173,HOGAR,Baleares,2023-11-17,robo,642.93,abierto
SIN500862,POL102174,AUTO,Tarragona,2023-08-04,robo,1330.67,cerrado
SIN500863,POL102177,SALUD,Asturias,2026-06-16,consulta_especialista,50.0,cerrado
SIN500864,POL102183,AUTO,Baleares,2022-08-22,incendio,405.57,cerrado
SIN500865,POL102184,AUTO,Girona,2023-08-06,rotura_lunas,153.36,cerrado
SIN500866,POL102187,SALUD,Zaragoza,2023-08-12,cirugia,12484.17,cerrado
SIN500867,POL102187,SALUD,Zaragoza,2026-02-06,consulta_especialista,113.56,cerrado
SIN500868,POL102190,HOGAR,Zaragoza,2024-01-26,incendio,2925.11,cerrado
SIN500869,POL102200,AUTO,Baleares,2024-07-31,colision,2798.85,abierto
SIN500870,POL102200,AUTO,Baleares,2023-08-18,incendio,3004.31,cerrado
SIN500871,POL102201,HOGAR,Barcelona,2024-05-18,incendio,8359.83,abierto
SIN500872,POL102205,AUTO,Lleida,2023-04-10,incendio,6187.15,cerrado
SIN500873,POL102208,AUTO,Tarragona,2023-12-08,rotura_lunas,93.92,cerrado
SIN500874,POL102211,AUTO,Malaga,2024-10-23,rotura_lunas,224.34,cerrado
SIN500875,POL102215,AUTO,Tarragona,2022-11-15,colision,2820.47,abierto
SIN500876,POL102218,AUTO,Baleares,2024-09-14,asistencia_en_carretera,162.53,cerrado
SIN500877,POL102229,AUTO,Girona,2023-04-18,rotura_lunas,106.12,cerrado
SIN500878,POL102229,AUTO,Girona,2024-08-22,incendio,1960.12,abierto
SIN500879,POL102229,AUTO,Girona,2024-06-07,rotura_lunas,305.25,cerrado
SIN500880,POL102229,AUTO,Girona,2023-09-21,incendio,13243.01,cerrado
SIN500881,POL102232,AUTO,Lleida,2024-11-13,colision,3716.99,cerrado
SIN500882,POL102233,SALUD,Zaragoza,2023-03-02,hospitalizacion,3691.31,cerrado
SIN500883,POL102237,AUTO,Asturias,2026-06-30,incendio,7283.59,cerrado
SIN500884,POL102238,AUTO,Alicante,2026-12-03,rotura_lunas,563.23,cerrado
SIN500885,POL102238,AUTO,Alicante,2025-03-07,colision,3386.16,abierto
SIN500886,POL102238,AUTO,Alicante,2025-01-07,asistencia_en_carretera,99.91,cerrado
SIN500887,POL102240,SALUD,Barcelona,2022-12-11,consulta_especialista,86.63,cerrado
SIN500888,POL102241,SALUD,Cantabria,2022-09-16,cirugia,19601.79,cerrado
SIN500889,POL102243,SALUD,Zaragoza,2022-01-23,hospitalizacion,4057.61,abierto
SIN500890,POL102243,SALUD,Zaragoza,2021-12-13,consulta_especialista,72.89,cerrado
SIN500891,POL102246,HOGAR,Barcelona,2026-03-21,averia_electrodomesticos,102.07,cerrado
SIN500892,POL102248,AUTO,Valencia,2023-10-12,asistencia_en_carretera,73.11,cerrado
SIN500893,POL102250,HOGAR,Sevilla,2025-05-06,incendio,5165.37,cerrado
SIN500894,POL102258,AUTO,Zaragoza,2024-04-09,robo,343.52,cerrado
SIN500895,POL102259,AUTO,Tarragona,2023-08-05,rotura_lunas,291.79,abierto
SIN500896,POL102260,AUTO,Asturias,2024-09-03,rotura_lunas,60.81,cerrado
SIN500897,POL102265,AUTO,Lleida,2026-05-25,colision,2960.33,abierto
SIN500898,POL102267,AUTO,Vizcaya,2025-04-19,incendio,5187.18,cerrado
SIN500899,POL102272,AUTO,Lleida,2023-10-23,incendio,5983.4,abierto
SIN500900,POL102276,AUTO,Vizcaya,2021-12-05,rotura_lunas,294.93,abierto
SIN500901,POL102277,SALUD,Vizcaya,2025-02-03,hospitalizacion,1210.31,abierto
SIN500902,POL102281,AUTO,Vizcaya,2024-05-04,colision,750.23,cerrado
SIN500903,POL102283,AUTO,Sevilla,2026-12-03,robo,645.48,cerrado
SIN500904,POL102286,HOGAR,Girona,2025-03-04,incendio,379.89,abierto
SIN500905,POL102287,AUTO,Malaga,2021-08-25,incendio,7704.85,abierto
SIN500906,POL102288,HOGAR,Girona,2022-03-16,incendio,2324.24,cerrado
SIN500907,POL102292,HOGAR,Vizcaya,2024-06-09,incendio,4228.6,cerrado
SIN500908,POL102293,AUTO,Girona,2022-09-02,incendio,841.8,abierto
SIN500909,POL102298,VIDA,Cantabria,2022-01-10,invalidez,53716.77,cerrado
SIN500910,POL102300,AUTO,Barcelona,2023-01-08,incendio,7332.54,abierto
SIN500911,POL102300,AUTO,Barcelona,2024-09-10,asistencia_en_carretera,151.19,cerrado
SIN500912,POL102301,SALUD,Vizcaya,2024-06-10,hospitalizacion,1562.38,cerrado
SIN500913,POL102303,SALUD,Vizcaya,2022-09-07,cirugia,2986.09,abierto
SIN500914,POL102304,AUTO,Tarragona,2025-05-29,robo,1616.37,cerrado
SIN500915,POL102307,AUTO,Vizcaya,2022-01-18,rotura_lunas,121.91,abierto
SIN500916,POL102307,AUTO,Vizcaya,2022-10-21,colision,2326.2,abierto
SIN500917,POL102309,AUTO,Malaga,2025-06-11,incendio,3888.02,cerrado
SIN500918,POL102310,VIDA,Malaga,2023-09-25,invalidez,39495.98,cerrado
SIN500919,POL102321,AUTO,Vizcaya,2022-06-13,asistencia_en_carretera,195.15,abierto
SIN500920,POL102322,AUTO,Sevilla,2024-01-27,asistencia_en_carretera,68.14,cerrado
SIN500921,POL102322,AUTO,Sevilla,2023-09-07,rotura_lunas,551.39,cerrado
SIN500922,POL102330,VIDA,Sevilla,2024-03-10,fallecimiento,9688.26,cerrado
SIN500923,POL102330,VIDA,Sevilla,2025-02-23,fallecimiento,31657.31,abierto
SIN500924,POL102333,SALUD,Cantabria,2026-04-04,hospitalizacion,4603.83,cerrado
SIN500925,POL102333,SALUD,Cantabria,2026-01-24,hospitalizacion,4807.92,cerrado
SIN500926,POL102334,SALUD,Asturias,2025-06-10,cirugia,2107.15,abierto
SIN500927,POL102336,HOGAR,A Coruna,2025-03-26,averia_electrodomesticos,242.63,cerrado
SIN500928,POL102339,AUTO,Tarragona,2023-10-20,asistencia_en_carretera,162.22,cerrado
SIN500929,POL102340,AUTO,Zaragoza,2023-06-20,colision,366.25,cerrado
SIN500930,POL102344,SALUD,Lleida,2025-10-18,hospitalizacion,352.03,abierto
SIN500931,POL102345,AUTO,Baleares,2024-03-19,colision,890.44,cerrado
SIN500932,POL102345,AUTO,Baleares,2022-03-10,rotura_lunas,517.01,cerrado
SIN500933,POL102346,HOGAR,Malaga,2025-10-29,danos_por_agua,257.72,abierto
SIN500934,POL102347,AUTO,Asturias,2021-08-14,rotura_lunas,174.18,cerrado
SIN500935,POL102355,SALUD,Valencia,2025-08-16,hospitalizacion,2557.21,abierto
SIN500936,POL102359,HOGAR,Valencia,2024-07-08,robo,231.56,cerrado
SIN500937,POL102360,AUTO,Sevilla,2024-01-27,robo,1095.07,cerrado
SIN500938,POL102369,AUTO,Asturias,2024-05-31,asistencia_en_carretera,279.82,cerrado
SIN500939,POL102375,AUTO,Tarragona,2024-03-20,rotura_lunas,311.62,cerrado
SIN500940,POL102375,AUTO,Tarragona,2023-05-14,incendio,376.1,cerrado
SIN500941,POL102376,AUTO,Girona,2026-02-17,rotura_lunas,264.92,cerrado
SIN500942,POL102376,AUTO,Girona,2026-03-29,colision,1745.2,cerrado
SIN500943,POL102382,HOGAR,Zaragoza,2025-07-19,robo,1282.79,cerrado
SIN500944,POL102382,HOGAR,Zaragoza,2026-05-31,robo,824.5,cerrado
SIN500945,POL102382,HOGAR,Zaragoza,2027-08-12,incendio,2665.09,cerrado
SIN500946,POL102384,AUTO,Baleares,2024-10-30,incendio,2372.14,cerrado
SIN500947,POL102391,HOGAR,Cantabria,2024-05-22,danos_por_agua,2951.73,cerrado
SIN500948,POL102392,SALUD,Girona,2022-05-02,consulta_especialista,154.18,cerrado
SIN500949,POL102401,SALUD,Baleares,2025-12-26,consulta_especialista,50.0,abierto
SIN500950,POL102406,AUTO,Madrid,2024-06-09,robo,535.37,cerrado
SIN500951,POL102409,AUTO,Girona,2024-03-25,rotura_lunas,183.26,cerrado
SIN500952,POL102409,AUTO,Girona,2025-08-08,incendio,7197.48,cerrado
SIN500953,POL102413,AUTO,Lleida,2024-07-08,incendio,2073.67,cerrado
SIN500954,POL102415,HOGAR,A Coruna,2024-07-14,incendio,7079.83,cerrado
SIN500955,POL102417,AUTO,Tarragona,2027-07-09,colision,439.26,cerrado
SIN500956,POL102421,AUTO,Asturias,2022-10-15,incendio,3305.1,abierto
SIN500957,POL102421,AUTO,Asturias,2025-04-26,incendio,6846.9,cerrado
SIN500958,POL102424,AUTO,Alicante,2021-08-22,asistencia_en_carretera,109.91,cerrado
SIN500959,POL102424,AUTO,Alicante,2021-07-22,asistencia_en_carretera,115.15,cerrado
SIN500960,POL102425,HOGAR,A Coruna,2023-12-05,averia_electrodomesticos,301.47,abierto
SIN500961,POL102427,HOGAR,Malaga,2022-03-07,averia_electrodomesticos,227.59,cerrado
SIN500962,POL102428,AUTO,Girona,2026-09-12,incendio,2635.16,cerrado
SIN500963,POL102430,AUTO,Zaragoza,2024-09-30,colision,128.89,cerrado
SIN500964,POL102431,AUTO,Barcelona,2026-01-31,incendio,2080.39,cerrado
SIN500965,POL102431,AUTO,Barcelona,2025-11-15,incendio,8446.33,cerrado
SIN500966,POL102432,AUTO,Girona,2026-03-08,colision,2516.91,cerrado
SIN500967,POL102434,HOGAR,Barcelona,2024-02-10,danos_por_agua,1434.03,cerrado
SIN500968,POL102435,HOGAR,Baleares,2025-01-29,averia_electrodomesticos,887.8,abierto
SIN500969,POL102437,AUTO,Lleida,2024-10-08,asistencia_en_carretera,145.21,cerrado
SIN500970,POL102446,HOGAR,Malaga,2024-06-23,averia_electrodomesticos,354.66,cerrado
SIN500971,POL102447,AUTO,Malaga,2022-08-30,asistencia_en_carretera,437.75,cerrado
SIN500972,POL102449,AUTO,Zaragoza,2024-09-30,robo,316.36,abierto
SIN500973,POL102451,HOGAR,Barcelona,2024-10-19,incendio,5795.26,cerrado
SIN500974,POL102454,AUTO,Sevilla,2022-05-12,rotura_lunas,69.18,abierto
SIN500975,POL102458,AUTO,Sevilla,2024-04-09,rotura_lunas,127.31,cerrado
SIN500976,POL102459,AUTO,Zaragoza,2025-06-17,rotura_lunas,389.59,cerrado
SIN500977,POL102463,HOGAR,Valencia,2025-07-26,averia_electrodomesticos,260.3,cerrado
SIN500978,POL102463,HOGAR,Valencia,2025-08-23,averia_electrodomesticos,153.87,abierto
SIN500979,POL102464,AUTO,Lleida,2026-02-21,incendio,1883.77,cerrado
SIN500980,POL102464,AUTO,Lleida,2023-09-25,colision,2544.79,cerrado
SIN500981,POL102465,AUTO,Vizcaya,2026-04-22,incendio,1390.16,abierto
SIN500982,POL102467,AUTO,Girona,2023-12-22,incendio,5168.3,cerrado
SIN500983,POL102468,AUTO,Tarragona,2026-02-13,incendio,13552.3,cerrado
SIN500984,POL102468,AUTO,Tarragona,2024-08-10,colision,3765.96,cerrado
SIN500985,POL102474,SALUD,Tarragona,2025-03-18,cirugia,5925.71,abierto
SIN500986,POL102479,AUTO,Tarragona,2022-09-29,colision,235.21,cerrado
SIN500987,POL102485,AUTO,Baleares,2024-08-18,asistencia_en_carretera,153.15,abierto
SIN500988,POL102486,AUTO,Valencia,2024-02-08,robo,528.98,cerrado
SIN500989,POL102486,AUTO,Valencia,2023-05-17,rotura_lunas,179.35,abierto
SIN500990,POL102488,AUTO,Vizcaya,2024-05-23,rotura_lunas,225.68,cerrado
SIN500991,POL102489,AUTO,Vizcaya,2024-07-27,robo,924.81,abierto
SIN500992,POL102489,AUTO,Vizcaya,2024-01-10,colision,2496.73,cerrado
SIN500993,POL102490,SALUD,Baleares,2023-07-08,hospitalizacion,2894.83,cerrado
SIN500994,POL102491,AUTO,Cantabria,2024-01-24,incendio,9542.9,cerrado
SIN500995,POL102492,AUTO,Girona,2025-06-08,asistencia_en_carretera,251.48,cerrado
SIN500996,POL102492,AUTO,Girona,2023-07-08,asistencia_en_carretera,335.74,abierto
SIN500997,POL102493,SALUD,Valencia,2025-02-04,consulta_especialista,64.18,cerrado
SIN500998,POL102498,AUTO,Alicante,2026-11-08,colision,1560.66,cerrado
SIN500999,POL102500,AUTO,Malaga,2024-11-18,colision,2188.43,cerrado
SIN501000,POL102503,AUTO,Cantabria,2021-03-05,robo,1637.73,abierto
SIN501001,POL102508,AUTO,Zaragoza,2026-01-08,colision,3079.53,cerrado
SIN501002,POL102508,AUTO,Zaragoza,2023-10-16,asistencia_en_carretera,97.54,abierto
SIN501003,POL102517,SALUD,Lleida,2025-05-28,hospitalizacion,1791.01,cerrado
SIN501004,POL102525,AUTO,Vizcaya,2027-05-06,asistencia_en_carretera,70.03,cerrado
SIN501005,POL102529,AUTO,Vizcaya,2021-10-30,rotura_lunas,192.8,cerrado
SIN501006,POL102530,AUTO,Asturias,2025-06-04,colision,880.99,cerrado
SIN501007,POL102531,AUTO,Madrid,2025-11-02,colision,1619.21,cerrado
SIN501008,POL102532,HOGAR,Tarragona,2024-07-30,incendio,1575.3,abierto
SIN501009,POL102535,HOGAR,Cantabria,2022-04-25,robo,186.86,cerrado
SIN501010,POL102536,AUTO,Barcelona,2025-10-28,incendio,4580.1,abierto
SIN501011,POL102536,AUTO,Barcelona,2027-03-29,rotura_lunas,253.25,abierto
SIN501012,POL102537,VIDA,Madrid,2024-02-03,invalidez,17764.37,cerrado
SIN501013,POL102542,HOGAR,Lleida,2024-06-18,robo,2656.59,cerrado
SIN501014,POL102544,HOGAR,A Coruna,2025-06-11,incendio,5526.64,abierto
SIN501015,POL102546,AUTO,Lleida,2024-08-11,robo,143.15,cerrado
SIN501016,POL102546,AUTO,Lleida,2025-04-25,robo,500.53,abierto
SIN501017,POL102548,HOGAR,Asturias,2025-04-16,robo,1198.68,cerrado
SIN501018,POL102549,AUTO,Malaga,2025-04-24,robo,665.45,cerrado
SIN501019,POL102550,HOGAR,Malaga,2025-05-09,incendio,1264.24,cerrado
SIN501020,POL102550,HOGAR,Malaga,2023-08-24,incendio,485.24,cerrado
SIN501021,POL102550,HOGAR,Malaga,2022-07-22,danos_por_agua,2939.0,cerrado
SIN501022,POL102552,AUTO,Cantabria,2025-11-02,rotura_lunas,50.0,abierto
SIN501023,POL102552,AUTO,Cantabria,2024-12-12,rotura_lunas,50.0,cerrado
SIN501024,POL102552,AUTO,Cantabria,2025-08-21,rotura_lunas,50.0,cerrado
SIN501025,POL102555,AUTO,Cantabria,2025-07-30,robo,348.36,cerrado
SIN501026,POL102556,AUTO,Baleares,2025-09-20,robo,696.32,cerrado
SIN501027,POL102556,AUTO,Baleares,2026-09-24,robo,735.02,cerrado
SIN501028,POL102558,HOGAR,Zaragoza,2024-08-22,averia_electrodomesticos,54.4,cerrado
SIN501029,POL102559,HOGAR,Lleida,2026-11-07,robo,667.03,cerrado
SIN501030,POL102564,AUTO,Zaragoza,2021-12-13,asistencia_en_carretera,143.66,cerrado
SIN501031,POL102565,AUTO,Girona,2023-08-10,rotura_lunas,312.99,abierto
SIN501032,POL102568,HOGAR,Alicante,2025-04-28,incendio,8212.05,cerrado
SIN501033,POL102572,AUTO,Alicante,2024-11-14,incendio,2607.85,abierto
SIN501034,POL102575,AUTO,Barcelona,2023-02-03,rotura_lunas,54.68,cerrado
SIN501035,POL102576,AUTO,Malaga,2026-01-09,rotura_lunas,81.63,cerrado
SIN501036,POL102577,HOGAR,Vizcaya,2027-06-03,robo,332.81,cerrado
SIN501037,POL102578,AUTO,Zaragoza,2024-03-10,incendio,4028.16,cerrado
SIN501038,POL102579,HOGAR,Malaga,2023-02-15,averia_electrodomesticos,93.21,cerrado
SIN501039,POL102581,AUTO,Madrid,2022-07-27,incendio,3385.11,cerrado
SIN501040,POL102584,AUTO,A Coruna,2025-08-10,robo,501.6,abierto
SIN501041,POL102584,AUTO,A Coruna,2024-04-20,colision,156.85,cerrado
SIN501042,POL102585,AUTO,Girona,2023-07-04,colision,2469.2,cerrado
SIN501043,POL102588,AUTO,Lleida,2025-03-08,colision,1100.47,cerrado
SIN501044,POL102590,AUTO,Baleares,2025-06-23,colision,978.28,cerrado
SIN501045,POL102590,AUTO,Baleares,2026-01-13,colision,1116.23,abierto
SIN501046,POL102593,AUTO,Lleida,2025-12-29,incendio,1191.1,cerrado
SIN501047,POL102593,AUTO,Lleida,2026-09-10,incendio,3358.83,cerrado
SIN501048,POL102593,AUTO,Lleida,2026-04-02,asistencia_en_carretera,306.1,abierto
SIN501049,POL102595,SALUD,Zaragoza,2023-04-29,consulta_especialista,50.0,cerrado
SIN501050,POL102598,AUTO,Barcelona,2027-06-03,asistencia_en_carretera,65.82,cerrado
SIN501051,POL102598,AUTO,Barcelona,2024-11-16,incendio,10253.47,abierto
SIN501052,POL102598,AUTO,Barcelona,2026-11-16,colision,6034.33,cerrado
SIN501053,POL102598,AUTO,Barcelona,2025-05-08,incendio,3220.78,cerrado
SIN501054,POL102602,HOGAR,Malaga,2026-03-29,danos_por_agua,1321.3,cerrado
SIN501055,POL102605,HOGAR,Tarragona,2025-07-10,danos_por_agua,284.5,cerrado
SIN501056,POL102606,AUTO,Barcelona,2025-03-19,incendio,1499.68,abierto
SIN501057,POL102608,AUTO,Zaragoza,2023-06-01,asistencia_en_carretera,122.06,cerrado
SIN501058,POL102610,AUTO,Sevilla,2022-01-28,robo,1224.36,cerrado
SIN501059,POL102610,AUTO,Sevilla,2022-01-03,colision,1284.71,abierto
SIN501060,POL102610,AUTO,Sevilla,2022-08-20,rotura_lunas,114.14,cerrado
SIN501061,POL102611,AUTO,Tarragona,2025-05-06,asistencia_en_carretera,62.64,abierto
SIN501062,POL102612,SALUD,Cantabria,2024-03-02,consulta_especialista,102.11,cerrado
SIN501063,POL102613,AUTO,Valencia,2026-09-18,incendio,9828.13,cerrado
SIN501064,POL102617,HOGAR,Baleares,2023-10-04,robo,572.92,abierto
SIN501065,POL102618,AUTO,Baleares,2022-09-21,asistencia_en_carretera,131.05,abierto
SIN501066,POL102624,HOGAR,Madrid,2024-12-24,incendio,4873.6,cerrado
SIN501067,POL102624,HOGAR,Madrid,2026-10-21,averia_electrodomesticos,254.88,cerrado
SIN501068,POL102626,AUTO,Barcelona,2025-09-13,asistencia_en_carretera,94.38,cerrado
SIN501069,POL102631,SALUD,Zaragoza,2023-12-13,cirugia,5841.54,abierto
SIN501070,POL102631,SALUD,Zaragoza,2023-01-02,consulta_especialista,74.38,cerrado
SIN501071,POL102637,AUTO,Asturias,2024-04-19,colision,4151.51,cerrado
SIN501072,POL102638,HOGAR,Girona,2025-09-05,averia_electrodomesticos,75.64,cerrado
SIN501073,POL102638,HOGAR,Girona,2027-02-15,robo,717.52,cerrado
SIN501074,POL102638,HOGAR,Girona,2026-04-26,robo,895.8,cerrado
SIN501075,POL102647,AUTO,Vizcaya,2023-12-20,colision,515.1,cerrado
SIN501076,POL102648,HOGAR,Asturias,2023-04-16,robo,232.32,cerrado
SIN501077,POL102649,HOGAR,Baleares,2023-01-28,incendio,1405.24,cerrado
SIN501078,POL102654,AUTO,Malaga,2022-07-30,incendio,6902.02,cerrado
SIN501079,POL102655,HOGAR,Madrid,2025-01-01,averia_electrodomesticos,280.3,cerrado
SIN501080,POL102656,AUTO,Vizcaya,2024-06-17,robo,580.61,cerrado
SIN501081,POL102662,AUTO,Tarragona,2023-03-24,rotura_lunas,132.24,cerrado
SIN501082,POL102663,AUTO,Alicante,2026-01-29,robo,398.86,cerrado
SIN501083,POL102668,AUTO,Sevilla,2023-12-31,colision,1741.76,cerrado
SIN501084,POL102674,AUTO,Cantabria,2024-05-30,asistencia_en_carretera,194.83,abierto
SIN501085,POL102674,AUTO,Cantabria,2024-12-11,asistencia_en_carretera,80.88,cerrado
SIN501086,POL102676,AUTO,Zaragoza,2026-07-07,asistencia_en_carretera,204.65,cerrado
SIN501087,POL102678,HOGAR,Vizcaya,2022-05-24,robo,725.72,abierto
SIN501088,POL102686,SALUD,Girona,2026-02-06,cirugia,3797.11,cerrado
SIN501089,POL102691,AUTO,Malaga,2024-06-20,colision,2121.14,cerrado
SIN501090,POL102698,HOGAR,Tarragona,2023-08-26,robo,753.8,cerrado
SIN501091,POL102700,SALUD,Asturias,2023-10-30,hospitalizacion,5220.53,cerrado
SIN501092,POL102700,SALUD,Asturias,2022-04-10,consulta_especialista,78.34,abierto
SIN501093,POL102707,AUTO,Zaragoza,2024-05-12,rotura_lunas,287.02,cerrado
SIN501094,POL102708,AUTO,Tarragona,2023-12-24,rotura_lunas,339.65,cerrado
SIN501095,POL102710,AUTO,Girona,2025-12-20,rotura_lunas,288.17,cerrado
SIN501096,POL102711,AUTO,Asturias,2025-05-30,asistencia_en_carretera,131.52,abierto
SIN501097,POL102717,AUTO,Valencia,2023-06-14,robo,938.38,cerrado
SIN501098,POL102718,AUTO,Lleida,2026-09-14,asistencia_en_carretera,154.75,cerrado
SIN501099,POL102719,AUTO,Malaga,2024-12-28,incendio,4373.86,abierto
SIN501100,POL102720,HOGAR,Cantabria,2025-10-23,robo,528.44,cerrado
SIN501101,POL102721,HOGAR,Tarragona,2024-05-24,danos_por_agua,128.05,cerrado
SIN501102,POL102723,AUTO,Malaga,2024-05-15,asistencia_en_carretera,308.03,abierto
SIN501103,POL102723,AUTO,Malaga,2024-10-26,rotura_lunas,246.2,cerrado
SIN501104,POL102731,AUTO,Madrid,2023-08-05,rotura_lunas,106.86,abierto
SIN501105,POL102731,AUTO,Madrid,2022-02-26,robo,1329.76,cerrado
SIN501106,POL102731,AUTO,Madrid,2023-04-06,asistencia_en_carretera,50.0,abierto
SIN501107,POL102735,AUTO,Baleares,2023-04-14,colision,857.13,cerrado
SIN501108,POL102738,AUTO,Asturias,2022-09-08,rotura_lunas,330.91,cerrado
SIN501109,POL102745,AUTO,Valencia,2023-07-29,incendio,2243.31,cerrado
SIN501110,POL102746,HOGAR,Tarragona,2025-11-01,incendio,1123.54,cerrado
SIN501111,POL102746,HOGAR,Tarragona,2023-09-03,averia_electrodomesticos,577.46,abierto
SIN501112,POL102754,AUTO,Baleares,2021-07-16,asistencia_en_carretera,50.0,cerrado
SIN501113,POL102754,AUTO,Baleares,2023-08-07,asistencia_en_carretera,50.0,cerrado
SIN501114,POL102754,AUTO,Baleares,2022-10-13,colision,565.43,cerrado
SIN501115,POL102756,AUTO,Malaga,2025-02-09,colision,275.44,cerrado
SIN501116,POL102758,AUTO,Baleares,2023-08-03,asistencia_en_carretera,222.6,cerrado
SIN501117,POL102759,AUTO,Tarragona,2023-09-24,rotura_lunas,50.0,cerrado
SIN501118,POL102759,AUTO,Tarragona,2023-08-10,incendio,6712.7,abierto
SIN501119,POL102768,AUTO,Valencia,2024-03-26,robo,1062.39,cerrado
SIN501120,POL102775,HOGAR,Zaragoza,2024-03-27,danos_por_agua,602.87,cerrado
SIN501121,POL102779,AUTO,Zaragoza,2025-01-06,incendio,2045.52,abierto
SIN501122,POL102780,SALUD,Alicante,2025-05-19,cirugia,4254.24,cerrado
SIN501123,POL102781,SALUD,Malaga,2024-04-03,consulta_especialista,50.0,cerrado
SIN501124,POL102782,HOGAR,Girona,2024-08-22,incendio,1162.36,abierto
SIN501125,POL102784,AUTO,Alicante,2025-08-22,incendio,2419.41,cerrado
SIN501126,POL102789,AUTO,Cantabria,2026-12-17,colision,2015.78,cerrado
SIN501127,POL102789,AUTO,Cantabria,2027-08-19,robo,673.15,abierto
SIN501128,POL102790,AUTO,Asturias,2024-03-31,incendio,9465.4,cerrado
SIN501129,POL102790,AUTO,Asturias,2025-12-20,asistencia_en_carretera,219.25,abierto
SIN501130,POL102794,AUTO,Asturias,2024-03-28,asistencia_en_carretera,148.71,cerrado
SIN501131,POL102798,AUTO,Madrid,2026-08-19,colision,5356.97,cerrado
SIN501132,POL102802,HOGAR,Madrid,2027-03-21,averia_electrodomesticos,50.0,cerrado
SIN501133,POL102803,AUTO,Baleares,2025-12-04,asistencia_en_carretera,116.4,abierto
SIN501134,POL102813,AUTO,Barcelona,2025-05-05,rotura_lunas,385.76,cerrado
SIN501135,POL102814,AUTO,Cantabria,2027-04-04,robo,170.18,abierto
SIN501136,POL102815,AUTO,Malaga,2023-05-23,robo,215.11,cerrado
SIN501137,POL102817,AUTO,Malaga,2025-03-20,rotura_lunas,69.38,cerrado
SIN501138,POL102821,AUTO,Girona,2026-03-15,asistencia_en_carretera,179.1,cerrado
SIN501139,POL102821,AUTO,Girona,2023-07-23,rotura_lunas,101.55,cerrado
SIN501140,POL102824,HOGAR,Tarragona,2024-08-26,incendio,5138.13,abierto
SIN501141,POL102829,HOGAR,Asturias,2024-09-09,incendio,9996.06,cerrado
SIN501142,POL102830,AUTO,Barcelona,2022-05-06,incendio,8473.17,cerrado
SIN501143,POL102830,AUTO,Barcelona,2022-12-06,robo,1782.89,cerrado
SIN501144,POL102835,AUTO,Zaragoza,2024-08-25,incendio,185.69,cerrado
SIN501145,POL102841,AUTO,Girona,2023-06-22,asistencia_en_carretera,259.04,cerrado
SIN501146,POL102841,AUTO,Girona,2023-11-03,rotura_lunas,279.9,cerrado
SIN501147,POL102843,AUTO,Asturias,2025-03-17,rotura_lunas,236.67,cerrado
SIN501148,POL102850,AUTO,Alicante,2026-02-10,colision,2025.47,cerrado
SIN501149,POL102850,AUTO,Alicante,2024-12-01,asistencia_en_carretera,309.71,cerrado
SIN501150,POL102856,AUTO,A Coruna,2024-02-08,rotura_lunas,293.82,cerrado
SIN501151,POL102861,AUTO,Baleares,2024-12-11,rotura_lunas,201.66,cerrado
SIN501152,POL102861,AUTO,Baleares,2024-09-09,colision,1423.09,abierto
SIN501153,POL102864,SALUD,Valencia,2024-04-27,cirugia,7467.87,cerrado
SIN501154,POL102868,AUTO,Barcelona,2021-11-02,colision,1264.51,abierto
SIN501155,POL102868,AUTO,Barcelona,2024-02-14,robo,1496.44,cerrado
SIN501156,POL102869,AUTO,Barcelona,2025-12-22,robo,974.2,cerrado
SIN501157,POL102870,AUTO,Vizcaya,2025-09-13,robo,679.34,cerrado
SIN501158,POL102870,AUTO,Vizcaya,2024-06-28,robo,985.92,cerrado
SIN501159,POL102876,AUTO,Valencia,2025-05-08,colision,787.73,cerrado
SIN501160,POL102877,SALUD,Lleida,2022-08-23,cirugia,6274.37,cerrado
SIN501161,POL102882,AUTO,Asturias,2026-08-23,incendio,9082.62,cerrado
SIN501162,POL102887,SALUD,A Coruna,2023-09-08,cirugia,1950.42,cerrado
SIN501163,POL102890,HOGAR,Asturias,2022-05-16,incendio,2107.33,abierto
SIN501164,POL102891,AUTO,Malaga,2021-11-20,incendio,4323.42,cerrado
SIN501165,POL102893,SALUD,Lleida,2024-08-08,cirugia,6306.03,cerrado
SIN501166,POL102896,AUTO,Malaga,2023-05-13,incendio,10582.49,cerrado
SIN501167,POL102898,AUTO,Malaga,2023-04-29,asistencia_en_carretera,136.76,abierto
SIN501168,POL102899,AUTO,Lleida,2023-07-17,colision,104.6,cerrado
SIN501169,POL102900,SALUD,Lleida,2025-01-11,cirugia,3978.33,cerrado
SIN501170,POL102905,AUTO,Malaga,2023-05-09,rotura_lunas,230.87,cerrado
SIN501171,POL102909,AUTO,Tarragona,2023-11-28,colision,398.03,cerrado
SIN501172,POL102909,AUTO,Tarragona,2025-11-14,robo,1380.0,cerrado
SIN501173,POL102911,HOGAR,Vizcaya,2022-11-21,danos_por_agua,109.7,abierto
SIN501174,POL102913,AUTO,Tarragona,2025-10-24,rotura_lunas,125.33,abierto
SIN501175,POL102921,AUTO,Baleares,2024-03-23,asistencia_en_carretera,123.78,cerrado
SIN501176,POL102926,SALUD,Madrid,2022-01-29,hospitalizacion,2164.15,cerrado
SIN501177,POL102928,AUTO,Tarragona,2022-05-08,rotura_lunas,136.36,cerrado
SIN501178,POL102928,AUTO,Tarragona,2022-06-03,asistencia_en_carretera,254.32,cerrado
SIN501179,POL102933,AUTO,Zaragoza,2023-05-28,incendio,1088.78,abierto
SIN501180,POL102933,AUTO,Zaragoza,2024-02-12,rotura_lunas,50.0,cerrado
SIN501181,POL102933,AUTO,Zaragoza,2024-12-08,colision,1244.03,abierto
SIN501182,POL102937,AUTO,Alicante,2026-02-21,incendio,1734.8,cerrado
SIN501183,POL102937,AUTO,Alicante,2026-10-27,colision,1586.73,cerrado
SIN501184,POL102937,AUTO,Alicante,2024-08-13,asistencia_en_carretera,208.04,abierto
SIN501185,POL102944,AUTO,Zaragoza,2024-01-26,robo,650.06,abierto
SIN501186,POL102946,AUTO,Madrid,2026-03-14,colision,563.82,cerrado
SIN501187,POL102951,AUTO,Asturias,2024-01-09,colision,4662.39,abierto
SIN501188,POL102973,HOGAR,Sevilla,2022-06-25,incendio,11198.2,cerrado
SIN501189,POL102975,HOGAR,Barcelona,2023-12-17,averia_electrodomesticos,259.72,cerrado
SIN501190,POL102977,AUTO,A Coruna,2024-08-30,robo,890.88,cerrado
SIN501191,POL102980,AUTO,Tarragona,2026-02-06,asistencia_en_carretera,150.61,cerrado
SIN501192,POL102984,HOGAR,Malaga,2021-10-28,robo,839.86,cerrado
SIN501193,POL102987,AUTO,A Coruna,2023-05-22,robo,1674.29,cerrado
SIN501194,POL102989,AUTO,Sevilla,2023-04-29,asistencia_en_carretera,105.02,cerrado
SIN501195,POL102990,AUTO,Sevilla,2022-12-22,colision,134.43,cerrado
SIN501196,POL102990,AUTO,Sevilla,2023-10-03,asistencia_en_carretera,142.34,cerrado
SIN501197,POL102990,AUTO,Sevilla,2023-02-22,colision,226.2,cerrado
SIN501198,POL102991,AUTO,Valencia,2026-04-24,asistencia_en_carretera,131.86,cerrado
SIN501199,POL102993,SALUD,Vizcaya,2022-12-08,consulta_especialista,65.41,abierto
SIN501200,POL102995,SALUD,Asturias,2024-01-05,cirugia,2446.97,cerrado
